drug_id,disease_id,label
D238,C000,1
D432,C000,1
D500,C000,1
D034,C001,1
D036,C001,1
D056,C001,1
D072,C001,1
D161,C001,1
D242,C001,1
D248,C001,1
D461,C001,1
D500,C001,1
D568,C001,1
D588,C001,1
D643,C001,1
D083,C002,1
D022,C003,1
D083,C003,1
D087,C003,1
D154,C003,1
D198,C003,1
D261,C003,1
D273,C003,1
D313,C003,1
D318,C003,1
D353,C003,1
D401,C003,1
D449,C003,1
D464,C003,1
D314,C004,1
D275,C005,1
D303,C005,1
D387,C005,1
D110,C006,1
D275,C006,1
D374,C006,1
D492,C006,1
D049,C007,1
D194,C007,1
D248,C007,1
D291,C007,1
D311,C007,1
D371,C007,1
D408,C007,1
D066,C008,1
D099,C008,1
D122,C008,1
D164,C008,1
D202,C008,1
D222,C008,1
D242,C008,1
D268,C008,1
D359,C008,1
D574,C008,1
D019,C009,1
D099,C009,1
D142,C009,1
D297,C009,1
D377,C009,1
D455,C009,1
D486,C009,1
D490,C009,1
D019,C010,1
D142,C010,1
D297,C010,1
D377,C010,1
D455,C010,1
D486,C010,1
D490,C010,1
D452,C011,1
D624,C011,1
D644,C011,1
D648,C011,1
D655,C011,1
D027,C012,1
D229,C012,1
D252,C012,1
D322,C012,1
D426,C012,1
D458,C012,1
D301,C013,1
D430,C013,1
D331,C014,1
D330,C015,1
D123,C016,1
D191,C016,1
D275,C016,1
D439,C016,1
D504,C016,1
D544,C016,1
D585,C016,1
D574,C017,1
D047,C018,1
D116,C018,1
D131,C018,1
D178,C018,1
D209,C018,1
D251,C018,1
D262,C018,1
D327,C018,1
D389,C018,1
D400,C018,1
D422,C018,1
D478,C018,1
D479,C018,1
D532,C018,1
D586,C018,1
D061,C019,1
D070,C019,1
D090,C019,1
D176,C019,1
D227,C019,1
D241,C019,1
D453,C019,1
D484,C019,1
D505,C019,1
D556,C019,1
D571,C019,1
D095,C020,1
D144,C020,1
D213,C020,1
D241,C020,1
D438,C020,1
D462,C020,1
D071,C021,1
D114,C021,1
D245,C021,1
D260,C021,1
D266,C021,1
D570,C021,1
D640,C021,1
D170,C022,1
D224,C022,1
D337,C023,1
D000,C024,1
D083,C024,1
D087,C024,1
D123,C024,1
D174,C024,1
D177,C024,1
D198,C024,1
D229,C024,1
D241,C024,1
D244,C024,1
D271,C024,1
D298,C024,1
D353,C024,1
D431,C024,1
D456,C024,1
D462,C024,1
D469,C024,1
D518,C024,1
D558,C024,1
D575,C024,1
D583,C024,1
D596,C024,1
D601,C024,1
D229,C025,1
D241,C025,1
D284,C025,1
D341,C025,1
D518,C025,1
D153,C026,1
D069,C027,1
D268,C027,1
D517,C027,1
D522,C027,1
D548,C027,1
D560,C027,1
D042,C028,1
D066,C028,1
D081,C028,1
D139,C028,1
D245,C028,1
D292,C028,1
D412,C028,1
D485,C028,1
D497,C028,1
D523,C028,1
D526,C028,1
D582,C028,1
D292,C029,1
D018,C030,1
D441,C031,1
D415,C032,1
D552,C033,1
D358,C034,1
D552,C034,1
D337,C035,1
D141,C036,1
D149,C036,1
D301,C036,1
D321,C036,1
D339,C036,1
D357,C036,1
D363,C036,1
D430,C036,1
D576,C036,1
D019,C037,1
D034,C037,1
D063,C037,1
D072,C037,1
D099,C037,1
D142,C037,1
D145,C037,1
D161,C037,1
D297,C037,1
D331,C037,1
D365,C037,1
D377,C037,1
D455,C037,1
D490,C037,1
D175,C038,1
D275,C038,1
D328,C038,1
D426,C038,1
D473,C038,1
D560,C038,1
D587,C038,1
D001,C039,1
D464,C039,1
D053,C040,1
D085,C040,1
D110,C040,1
D160,C040,1
D162,C040,1
D203,C040,1
D296,C040,1
D324,C040,1
D376,C040,1
D414,C040,1
D475,C040,1
D482,C040,1
D499,C040,1
D529,C040,1
D533,C040,1
D603,C040,1
D053,C041,1
D085,C041,1
D110,C041,1
D160,C041,1
D162,C041,1
D203,C041,1
D296,C041,1
D324,C041,1
D376,C041,1
D414,C041,1
D475,C041,1
D482,C041,1
D499,C041,1
D529,C041,1
D533,C041,1
D603,C041,1
D003,C042,1
D662,C042,1
D053,C043,1
D085,C043,1
D110,C043,1
D160,C043,1
D162,C043,1
D203,C043,1
D296,C043,1
D324,C043,1
D376,C043,1
D414,C043,1
D475,C043,1
D482,C043,1
D499,C043,1
D527,C043,1
D529,C043,1
D533,C043,1
D603,C043,1
D029,C044,1
D061,C044,1
D275,C044,1
D330,C044,1
D387,C044,1
D415,C044,1
D459,C044,1
D571,C044,1
D576,C044,1
D287,C045,1
D210,C046,1
D029,C047,1
D242,C047,1
D000,C048,1
D094,C048,1
D133,C048,1
D261,C048,1
D318,C048,1
D437,C048,1
D449,C048,1
D624,C048,1
D049,C049,1
D086,C049,1
D193,C049,1
D316,C049,1
D519,C049,1
D267,C050,1
D358,C051,1
D358,C052,1
D358,C053,1
D213,C054,1
D241,C054,1
D438,C054,1
D109,C055,1
D175,C055,1
D268,C055,1
D275,C055,1
D356,C055,1
D587,C055,1
D109,C056,1
D263,C056,1
D356,C056,1
D367,C056,1
D001,C057,1
D093,C057,1
D001,C058,1
D093,C058,1
D093,C059,1
D093,C060,1
D014,C061,1
D502,C061,1
D460,C062,1
D199,C063,1
D040,C064,1
D330,C064,1
D629,C064,1
D095,C065,1
D229,C065,1
D241,C065,1
D462,C065,1
D518,C065,1
D596,C065,1
D340,C066,1
D064,C067,1
D210,C067,1
D248,C067,1
D290,C067,1
D326,C067,1
D037,C068,1
D088,C068,1
D136,C068,1
D146,C068,1
D179,C068,1
D200,C068,1
D215,C068,1
D288,C068,1
D294,C068,1
D393,C068,1
D409,C068,1
D564,C068,1
D572,C068,1
D573,C068,1
D088,C069,1
D136,C069,1
D146,C069,1
D179,C069,1
D200,C069,1
D288,C069,1
D294,C069,1
D369,C069,1
D393,C069,1
D409,C069,1
D539,C069,1
D564,C069,1
D573,C069,1
D070,C070,1
D080,C071,1
D180,C071,1
D080,C072,1
D180,C072,1
D005,C073,1
D011,C073,1
D036,C073,1
D040,C073,1
D101,C073,1
D102,C073,1
D109,C073,1
D186,C073,1
D190,C073,1
D199,C073,1
D208,C073,1
D237,C073,1
D247,C073,1
D252,C073,1
D263,C073,1
D314,C073,1
D333,C073,1
D354,C073,1
D356,C073,1
D367,C073,1
D388,C073,1
D424,C073,1
D429,C073,1
D430,C073,1
D439,C073,1
D457,C073,1
D471,C073,1
D493,C073,1
D500,C073,1
D608,C073,1
D610,C073,1
D621,C073,1
D636,C073,1
D245,C074,1
D029,C075,1
D639,C075,1
D030,C076,1
D086,C076,1
D089,C076,1
D165,C076,1
D184,C076,1
D226,C076,1
D248,C076,1
D330,C076,1
D477,C076,1
D542,C076,1
D543,C076,1
D599,C076,1
D629,C076,1
D630,C076,1
D552,C077,1
D083,C078,1
D154,C078,1
D275,C078,1
D307,C078,1
D280,C079,1
D447,C079,1
D507,C079,1
D516,C079,1
D023,C080,1
D055,C080,1
D272,C080,1
D280,C080,1
D487,C080,1
D507,C080,1
D515,C080,1
D516,C080,1
D592,C080,1
D104,C081,1
D166,C081,1
D248,C081,1
D461,C081,1
D495,C081,1
D546,C081,1
D516,C082,1
D280,C083,1
D447,C083,1
D507,C083,1
D516,C083,1
D272,C084,1
D276,C084,1
D487,C084,1
D592,C084,1
D153,C085,1
D174,C085,1
D220,C085,1
D261,C085,1
D468,C085,1
D518,C085,1
D606,C085,1
D632,C085,1
D647,C085,1
D337,C086,1
D337,C087,1
D141,C088,1
D290,C088,1
D299,C088,1
D442,C088,1
D514,C088,1
D600,C088,1
D607,C088,1
D010,C089,1
D040,C089,1
D060,C089,1
D101,C089,1
D102,C089,1
D103,C089,1
D126,C089,1
D132,C089,1
D135,C089,1
D146,C089,1
D169,C089,1
D196,C089,1
D211,C089,1
D212,C089,1
D225,C089,1
D239,C089,1
D338,C089,1
D345,C089,1
D356,C089,1
D383,C089,1
D404,C089,1
D408,C089,1
D430,C089,1
D471,C089,1
D493,C089,1
D506,C089,1
D554,C089,1
D584,C089,1
D587,C089,1
D621,C089,1
D576,C090,1
D516,C091,1
D282,C092,1
D009,C093,1
D012,C093,1
D014,C093,1
D022,C093,1
D502,C093,1
D009,C094,1
D014,C094,1
D026,C094,1
D048,C094,1
D204,C094,1
D214,C094,1
D228,C094,1
D250,C094,1
D299,C094,1
D304,C094,1
D307,C094,1
D321,C094,1
D357,C094,1
D398,C094,1
D402,C094,1
D454,C094,1
D482,C094,1
D502,C094,1
D567,C094,1
D046,C095,1
D134,C095,1
D146,C095,1
D337,C096,1
D275,C097,1
D387,C097,1
D439,C097,1
D369,C098,1
D005,C099,1
D029,C099,1
D036,C099,1
D040,C099,1
D056,C099,1
D075,C099,1
D082,C099,1
D086,C099,1
D091,C099,1
D092,C099,1
D101,C099,1
D104,C099,1
D108,C099,1
D109,C099,1
D112,C099,1
D120,C099,1
D127,C099,1
D181,C099,1
D183,C099,1
D184,C099,1
D186,C099,1
D188,C099,1
D195,C099,1
D199,C099,1
D206,C099,1
D211,C099,1
D218,C099,1
D226,C099,1
D239,C099,1
D247,C099,1
D248,C099,1
D252,C099,1
D255,C099,1
D263,C099,1
D265,C099,1
D283,C099,1
D286,C099,1
D302,C099,1
D312,C099,1
D320,C099,1
D333,C099,1
D334,C099,1
D356,C099,1
D366,C099,1
D378,C099,1
D388,C099,1
D405,C099,1
D406,C099,1
D411,C099,1
D419,C099,1
D420,C099,1
D426,C099,1
D429,C099,1
D430,C099,1
D436,C099,1
D461,C099,1
D466,C099,1
D493,C099,1
D513,C099,1
D537,C099,1
D542,C099,1
D545,C099,1
D546,C099,1
D551,C099,1
D561,C099,1
D562,C099,1
D571,C099,1
D574,C099,1
D577,C099,1
D621,C099,1
D623,C099,1
D118,C100,1
D132,C100,1
D146,C100,1
D152,C100,1
D170,C100,1
D268,C100,1
D275,C100,1
D277,C100,1
D294,C100,1
D387,C100,1
D439,C100,1
D501,C100,1
D506,C100,1
D216,C101,1
D244,C101,1
D306,C101,1
D583,C101,1
D268,C102,1
D252,C103,1
D273,C103,1
D356,C103,1
D430,C103,1
D493,C103,1
D306,C104,1
D061,C105,1
D484,C105,1
D505,C105,1
D556,C105,1
D175,C106,1
D241,C106,1
D268,C106,1
D275,C106,1
D337,C106,1
D473,C106,1
D002,C107,1
D268,C107,1
D275,C107,1
D387,C107,1
D430,C107,1
D459,C107,1
D587,C107,1
D633,C107,1
D185,C108,1
D310,C108,1
D314,C109,1
D587,C109,1
D576,C110,1
D576,C111,1
D305,C112,1
D541,C112,1
D572,C112,1
D581,C112,1
D090,C113,1
D382,C113,1
D384,C113,1
D468,C113,1
D596,C113,1
D090,C114,1
D382,C114,1
D384,C114,1
D468,C114,1
D596,C114,1
D372,C115,1
D584,C115,1
D202,C116,1
D040,C117,1
D050,C117,1
D060,C117,1
D075,C117,1
D100,C117,1
D101,C117,1
D103,C117,1
D109,C117,1
D125,C117,1
D136,C117,1
D170,C117,1
D245,C117,1
D275,C117,1
D292,C117,1
D295,C117,1
D308,C117,1
D309,C117,1
D356,C117,1
D417,C117,1
D420,C117,1
D430,C117,1
D434,C117,1
D435,C117,1
D461,C117,1
D463,C117,1
D551,C117,1
D586,C117,1
D046,C118,1
D071,C118,1
D114,C118,1
D245,C118,1
D260,C118,1
D266,C118,1
D303,C118,1
D570,C118,1
D640,C118,1
D183,C119,1
D478,C119,1
D546,C119,1
D622,C119,1
D331,C120,1
D501,C120,1
D506,C120,1
D459,C121,1
D309,C122,1
D420,C122,1
D551,C122,1
D030,C123,1
D330,C123,1
D627,C123,1
D025,C124,1
D026,C124,1
D032,C124,1
D037,C124,1
D041,C124,1
D043,C124,1
D048,C124,1
D054,C124,1
D071,C124,1
D073,C124,1
D076,C124,1
D088,C124,1
D098,C124,1
D107,C124,1
D119,C124,1
D122,C124,1
D131,C124,1
D136,C124,1
D137,C124,1
D141,C124,1
D155,C124,1
D164,C124,1
D171,C124,1
D179,C124,1
D183,C124,1
D200,C124,1
D204,C124,1
D214,C124,1
D215,C124,1
D217,C124,1
D228,C124,1
D240,C124,1
D245,C124,1
D248,C124,1
D255,C124,1
D258,C124,1
D260,C124,1
D269,C124,1
D288,C124,1
D290,C124,1
D292,C124,1
D299,C124,1
D304,C124,1
D305,C124,1
D307,C124,1
D321,C124,1
D360,C124,1
D361,C124,1
D364,C124,1
D370,C124,1
D393,C124,1
D396,C124,1
D397,C124,1
D398,C124,1
D400,C124,1
D402,C124,1
D407,C124,1
D409,C124,1
D440,C124,1
D442,C124,1
D444,C124,1
D454,C124,1
D464,C124,1
D477,C124,1
D480,C124,1
D482,C124,1
D512,C124,1
D514,C124,1
D525,C124,1
D535,C124,1
D546,C124,1
D550,C124,1
D561,C124,1
D563,C124,1
D564,C124,1
D567,C124,1
D570,C124,1
D572,C124,1
D591,C124,1
D594,C124,1
D600,C124,1
D607,C124,1
D615,C124,1
D640,C124,1
D024,C125,1
D049,C125,1
D086,C125,1
D113,C125,1
D193,C125,1
D316,C125,1
D408,C125,1
D519,C125,1
D553,C125,1
D580,C125,1
D590,C125,1
D593,C125,1
D202,C126,1
D056,C127,1
D066,C127,1
D195,C127,1
D242,C127,1
D268,C127,1
D461,C127,1
D005,C128,1
D011,C128,1
D036,C128,1
D109,C128,1
D186,C128,1
D190,C128,1
D199,C128,1
D208,C128,1
D237,C128,1
D247,C128,1
D252,C128,1
D263,C128,1
D314,C128,1
D333,C128,1
D354,C128,1
D356,C128,1
D367,C128,1
D388,C128,1
D429,C128,1
D430,C128,1
D457,C128,1
D471,C128,1
D493,C128,1
D500,C128,1
D608,C128,1
D610,C128,1
D621,C128,1
D636,C128,1
D048,C129,1
D083,C129,1
D307,C129,1
D402,C129,1
D454,C129,1
D009,C130,1
D012,C130,1
D014,C130,1
D022,C130,1
D083,C130,1
D087,C130,1
D198,C130,1
D273,C130,1
D313,C130,1
D401,C130,1
D502,C130,1
D173,C131,1
D223,C131,1
D225,C131,1
D328,C131,1
D513,C131,1
D536,C131,1
D547,C131,1
D587,C131,1
D083,C132,1
D154,C132,1
D273,C132,1
D401,C132,1
D534,C132,1
D024,C133,1
D031,C133,1
D049,C133,1
D086,C133,1
D156,C133,1
D184,C133,1
D193,C133,1
D202,C133,1
D226,C133,1
D316,C133,1
D500,C133,1
D519,C133,1
D542,C133,1
D543,C133,1
D593,C133,1
D034,C134,1
D063,C134,1
D072,C134,1
D105,C134,1
D138,C134,1
D145,C134,1
D161,C134,1
D205,C134,1
D315,C134,1
D331,C134,1
D365,C134,1
D415,C134,1
D455,C134,1
D559,C134,1
D568,C134,1
D588,C134,1
D617,C134,1
D034,C135,1
D063,C135,1
D072,C135,1
D105,C135,1
D138,C135,1
D145,C135,1
D148,C135,1
D161,C135,1
D166,C135,1
D205,C135,1
D254,C135,1
D315,C135,1
D331,C135,1
D455,C135,1
D486,C135,1
D551,C135,1
D559,C135,1
D588,C135,1
D617,C135,1
D643,C135,1
D072,C136,1
D105,C136,1
D138,C136,1
D145,C136,1
D148,C136,1
D161,C136,1
D166,C136,1
D205,C136,1
D254,C136,1
D315,C136,1
D455,C136,1
D486,C136,1
D551,C136,1
D559,C136,1
D588,C136,1
D643,C136,1
D004,C137,1
D039,C137,1
D245,C138,1
D248,C138,1
D260,C138,1
D305,C138,1
D344,C138,1
D421,C138,1
D268,C139,1
D298,C140,1
D575,C140,1
D199,C141,1
D263,C141,1
D199,C142,1
D110,C143,1
D284,C143,1
D000,C144,1
D087,C144,1
D207,C144,1
D353,C144,1
D518,C144,1
D531,C144,1
D566,C144,1
D571,C144,1
D596,C144,1
D041,C145,1
D137,C145,1
D240,C145,1
D370,C145,1
D400,C145,1
D514,C145,1
D591,C145,1
D646,C145,1
D073,C146,1
D119,C146,1
D141,C146,1
D155,C146,1
D183,C146,1
D219,C146,1
D255,C146,1
D323,C146,1
D480,C146,1
D523,C146,1
D525,C146,1
D567,C146,1
D264,C147,1
D268,C147,1
D275,C147,1
D459,C147,1
D587,C147,1
D494,C148,1
D649,C148,1
D064,C149,1
D099,C149,1
D113,C149,1
D130,C149,1
D159,C149,1
D170,C149,1
D193,C149,1
D196,C149,1
D210,C149,1
D238,C149,1
D242,C149,1
D270,C149,1
D300,C149,1
D326,C149,1
D373,C149,1
D425,C149,1
D496,C149,1
D500,C149,1
D580,C149,1
D590,C149,1
D605,C149,1
D614,C149,1
D635,C149,1
D337,C150,1
D176,C151,1
D213,C151,1
D241,C151,1
D349,C151,1
D483,C151,1
D049,C152,1
D169,C152,1
D210,C152,1
D326,C152,1
D094,C153,1
D110,C153,1
D133,C153,1
D318,C153,1
D399,C153,1
D449,C153,1
D620,C153,1
D275,C154,1
D468,C155,1
D244,C156,1
D268,C156,1
D275,C156,1
D459,C156,1
D587,C156,1
D591,C156,1
D044,C157,1
D079,C157,1
D158,C157,1
D243,C157,1
D363,C157,1
D581,C157,1
D153,C158,1
D462,C158,1
D248,C159,1
D029,C160,1
D031,C160,1
D287,C161,1
D323,C161,1
D071,C162,1
D245,C162,1
D358,C162,1
D413,C162,1
D461,C162,1
D570,C162,1
D657,C162,1
D047,C163,1
D116,C163,1
D131,C163,1
D166,C163,1
D178,C163,1
D209,C163,1
D246,C163,1
D251,C163,1
D327,C163,1
D331,C163,1
D358,C163,1
D389,C163,1
D422,C163,1
D424,C163,1
D532,C163,1
D552,C163,1
D570,C163,1
D029,C164,1
D242,C164,1
D309,C164,1
D385,C164,1
D405,C164,1
D275,C165,1
D348,C166,1
D467,C166,1
D484,C166,1
D578,C166,1
D478,C167,1
D087,C168,1
D094,C168,1
D123,C168,1
D133,C168,1
D261,C168,1
D318,C168,1
D437,C168,1
D449,C168,1
D187,C169,1
D236,C170,1
D638,C170,1
D001,C171,1
D227,C172,1
D462,C172,1
D583,C172,1
D008,C173,1
D279,C173,1
D019,C174,1
D120,C174,1
D135,C174,1
D166,C174,1
D183,C174,1
D189,C174,1
D255,C174,1
D292,C174,1
D309,C174,1
D312,C174,1
D420,C174,1
D546,C174,1
D551,C174,1
D574,C174,1
D275,C175,1
D452,C176,1
D655,C176,1
D143,C177,1
D307,C177,1
D397,C177,1
D402,C177,1
D407,C177,1
D275,C178,1
D387,C178,1
D007,C179,1
D552,C180,1
D005,C181,1
D109,C181,1
D199,C181,1
D208,C181,1
D237,C181,1
D247,C181,1
D252,C181,1
D263,C181,1
D314,C181,1
D333,C181,1
D356,C181,1
D367,C181,1
D388,C181,1
D430,C181,1
D457,C181,1
D471,C181,1
D493,C181,1
D500,C181,1
D610,C181,1
D048,C182,1
D143,C182,1
D164,C182,1
D258,C182,1
D307,C182,1
D402,C182,1
D407,C182,1
D464,C182,1
D028,C183,1
D051,C183,1
D052,C183,1
D078,C183,1
D111,C183,1
D150,C183,1
D173,C183,1
D192,C183,1
D223,C183,1
D225,C183,1
D233,C183,1
D253,C183,1
D268,C183,1
D275,C183,1
D285,C183,1
D294,C183,1
D317,C183,1
D329,C183,1
D343,C183,1
D368,C183,1
D383,C183,1
D394,C183,1
D428,C183,1
D439,C183,1
D451,C183,1
D465,C183,1
D467,C183,1
D497,C183,1
D536,C183,1
D578,C183,1
D579,C183,1
D587,C183,1
D609,C183,1
D616,C183,1
D625,C183,1
D351,C184,1
D358,C184,1
D413,C184,1
D461,C184,1
D140,C185,1
D241,C186,1
D275,C186,1
D459,C186,1
D498,C187,1
D052,C188,1
D078,C188,1
D111,C188,1
D143,C188,1
D192,C188,1
D285,C188,1
D307,C188,1
D368,C188,1
D394,C188,1
D397,C188,1
D402,C188,1
D407,C188,1
D451,C188,1
D578,C188,1
D579,C188,1
D462,C189,1
D069,C190,1
D481,C190,1
D517,C190,1
D522,C190,1
D548,C190,1
D626,C191,1
D140,C192,1
D140,C193,1
D249,C194,1
D140,C195,1
D441,C195,1
D048,C196,1
D057,C196,1
D143,C196,1
D164,C196,1
D171,C196,1
D217,C196,1
D258,C196,1
D307,C196,1
D364,C196,1
D369,C196,1
D387,C196,1
D397,C196,1
D402,C196,1
D407,C196,1
D464,C196,1
D567,C196,1
D587,C196,1
D624,C196,1
D087,C197,1
D271,C197,1
D289,C197,1
D318,C197,1
D353,C197,1
D449,C197,1
D558,C197,1
D576,C198,1
D020,C199,1
D066,C199,1
D099,C199,1
D151,C199,1
D238,C199,1
D257,C199,1
D287,C199,1
D336,C199,1
D351,C199,1
D358,C199,1
D369,C199,1
D372,C199,1
D410,C199,1
D413,C199,1
D509,C199,1
D552,C199,1
D569,C199,1
D611,C199,1
D613,C199,1
D170,C200,1
D224,C200,1
D552,C201,1
D016,C202,1
D656,C202,1
D380,C203,1
D380,C204,1
D386,C205,1
D006,C206,1
D662,C207,1
D176,C208,1
D227,C208,1
D241,C208,1
D268,C208,1
D275,C208,1
D306,C208,1
D341,C208,1
D453,C208,1
D470,C208,1
D505,C208,1
D555,C208,1
D587,C208,1
D598,C208,1
D021,C209,1
D049,C209,1
D140,C209,1
D169,C209,1
D326,C209,1
D021,C210,1
D049,C210,1
D169,C210,1
D326,C210,1
D140,C211,1
D166,C212,1
D194,C212,1
D246,C212,1
D331,C212,1
D348,C212,1
D552,C212,1
D093,C213,1
D019,C214,1
D163,C215,1
D163,C216,1
D163,C217,1
D241,C218,1
D416,C218,1
D305,C219,1
D541,C219,1
D572,C219,1
D581,C219,1
D019,C220,1
D026,C221,1
D204,C221,1
D214,C221,1
D278,C221,1
D321,C221,1
D398,C221,1
D618,C221,1
D059,C222,1
D115,C222,1
D231,C222,1
D241,C222,1
D259,C222,1
D275,C222,1
D328,C222,1
D343,C222,1
D379,C222,1
D459,C222,1
D587,C222,1
D602,C222,1
D615,C223,1
D070,C224,1
D090,C224,1
D129,C224,1
D168,C224,1
D176,C224,1
D213,C224,1
D227,C224,1
D241,C224,1
D244,C224,1
D349,C224,1
D382,C224,1
D453,C224,1
D462,C224,1
D505,C224,1
D556,C224,1
D571,C224,1
D552,C225,1
D552,C226,1
D576,C227,1
D020,C228,1
D099,C228,1
D238,C228,1
D287,C228,1
D336,C228,1
D369,C228,1
D413,C228,1
D569,C228,1
D611,C228,1
D613,C228,1
D275,C229,1
D303,C229,1
D387,C229,1
D007,C230,1
D271,C231,1
D558,C231,1
D014,C232,1
D502,C232,1
D337,C233,1
D369,C234,1
D488,C235,1
D491,C235,1
D109,C236,1
D199,C237,1
D227,C237,1
D241,C237,1
D341,C237,1
D453,C237,1
D470,C237,1
D423,C238,1
D604,C238,1
D070,C239,1
D090,C239,1
D176,C239,1
D227,C239,1
D241,C239,1
D267,C239,1
D274,C239,1
D275,C239,1
D306,C239,1
D453,C239,1
D462,C239,1
D484,C239,1
D505,C239,1
D555,C239,1
D556,C239,1
D571,C239,1
D598,C239,1
D287,C240,1
D619,C241,1
D007,C242,1
D031,C243,1
D046,C243,1
D104,C243,1
D156,C243,1
D193,C243,1
D226,C243,1
D230,C243,1
D303,C243,1
D316,C243,1
D356,C243,1
D493,C243,1
D519,C243,1
D002,C244,1
D230,C244,1
D325,C244,1
D459,C244,1
D528,C244,1
D622,C244,1
D096,C245,1
D221,C245,1
D241,C245,1
D244,C245,1
D275,C245,1
D403,C245,1
D587,C245,1
D637,C245,1
D470,C246,1
D033,C247,1
D070,C247,1
D083,C247,1
D154,C247,1
D197,C247,1
D213,C247,1
D227,C247,1
D462,C247,1
D488,C247,1
D489,C247,1
D500,C248,1
D500,C249,1
D080,C250,1
D180,C250,1
D171,C251,1
D307,C251,1
D364,C251,1
D397,C251,1
D402,C251,1
D407,C251,1
D213,C252,1
D227,C252,1
D382,C252,1
D462,C252,1
D489,C252,1
D163,C253,1
D163,C254,1
D061,C255,1
D225,C255,1
D423,C255,1
D548,C255,1
D202,C256,1
D213,C257,1
D241,C257,1
D284,C257,1
D438,C257,1
D462,C257,1
D014,C258,1
D072,C259,1
D105,C259,1
D138,C259,1
D145,C259,1
D148,C259,1
D161,C259,1
D166,C259,1
D205,C259,1
D254,C259,1
D315,C259,1
D455,C259,1
D486,C259,1
D551,C259,1
D559,C259,1
D588,C259,1
D643,C259,1
D592,C260,1
D166,C261,1
D445,C261,1
D523,C261,1
D021,C262,1
D049,C262,1
D169,C262,1
D326,C262,1
D015,C263,1
D017,C264,1
D403,C265,1
D468,C265,1
D470,C265,1
D109,C266,1
D035,C267,1
D075,C267,1
D152,C267,1
D209,C267,1
D391,C267,1
D427,C267,1
D510,C267,1
D520,C267,1
D543,C267,1
D630,C267,1
D631,C267,1
D009,C268,1
D012,C268,1
D014,C268,1
D022,C268,1
D502,C268,1
D041,C269,1
D137,C269,1
D240,C269,1
D514,C269,1
D591,C269,1
D646,C269,1
D019,C270,1
D022,C271,1
D062,C271,1
D225,C271,1
D328,C271,1
D359,C271,1
D387,C271,1
D459,C271,1
D474,C271,1
D484,C271,1
D578,C271,1
D597,C271,1
D070,C272,1
D090,C272,1
D176,C272,1
D227,C272,1
D241,C272,1
D453,C272,1
D505,C272,1
D571,C272,1
D351,C273,1
D358,C273,1
D413,C273,1
D461,C273,1
D227,C274,1
D241,C274,1
D382,C274,1
D462,C274,1
D489,C274,1
D128,C275,1
D355,C275,1
D399,C276,1
D090,C277,1
D213,C277,1
D241,C277,1
D244,C277,1
D349,C277,1
D556,C277,1
D305,C278,1
D541,C278,1
D572,C278,1
D581,C278,1
D080,C279,1
D180,C279,1
D234,C279,1
D342,C279,1
D061,C280,1
D068,C280,1
D070,C280,1
D083,C280,1
D096,C280,1
D154,C280,1
D177,C280,1
D213,C280,1
D227,C280,1
D229,C280,1
D235,C280,1
D241,C280,1
D244,C280,1
D267,C280,1
D275,C280,1
D281,C280,1
D306,C280,1
D337,C280,1
D341,C280,1
D349,C280,1
D381,C280,1
D382,C280,1
D384,C280,1
D387,C280,1
D438,C280,1
D439,C280,1
D453,C280,1
D462,C280,1
D468,C280,1
D470,C280,1
D483,C280,1
D505,C280,1
D518,C280,1
D538,C280,1
D549,C280,1
D556,C280,1
D587,C280,1
D596,C280,1
D598,C280,1
D601,C280,1
D637,C280,1
D018,C281,1
D009,C282,1
D012,C282,1
D014,C282,1
D022,C282,1
D502,C282,1
D009,C283,1
D019,C283,1
D001,C284,1
D013,C285,1
D386,C286,1
D106,C287,1
D275,C288,1
D050,C289,1
D075,C289,1
D103,C289,1
D136,C289,1
D170,C289,1
D245,C289,1
D295,C289,1
D308,C289,1
D662,C290,1
D202,C291,1
D498,C292,1
D351,C293,1
D358,C293,1
D413,C293,1
D461,C293,1
D569,C293,1
D113,C294,1
D326,C294,1
D599,C294,1
D498,C295,1
D498,C296,1
D035,C297,1
D152,C297,1
D391,C297,1
D510,C297,1
D520,C297,1
D630,C297,1
D631,C297,1
D116,C298,1
D209,C298,1
D251,C298,1
D262,C298,1
D275,C298,1
D362,C298,1
D387,C298,1
D389,C298,1
D422,C298,1
D001,C299,1
D140,C300,1
D009,C301,1
D012,C301,1
D014,C301,1
D022,C301,1
D502,C301,1
D188,C302,1
D252,C302,1
D075,C303,1
D509,C303,1
D552,C304,1
D172,C305,1
D312,C305,1
D454,C305,1
D087,C306,1
D289,C306,1
D353,C306,1
D449,C306,1
D170,C307,1
D224,C307,1
D301,C308,1
D339,C308,1
D363,C308,1
D576,C308,1
D072,C309,1
D105,C309,1
D138,C309,1
D145,C309,1
D148,C309,1
D161,C309,1
D166,C309,1
D205,C309,1
D254,C309,1
D315,C309,1
D455,C309,1
D486,C309,1
D551,C309,1
D559,C309,1
D588,C309,1
D643,C309,1
D009,C310,1
D012,C310,1
D014,C310,1
D022,C310,1
D502,C310,1
D120,C311,1
D183,C311,1
D255,C311,1
D312,C311,1
D546,C311,1
D574,C311,1
D072,C312,1
D105,C312,1
D138,C312,1
D145,C312,1
D148,C312,1
D161,C312,1
D166,C312,1
D205,C312,1
D254,C312,1
D315,C312,1
D455,C312,1
D486,C312,1
D551,C312,1
D559,C312,1
D588,C312,1
D643,C312,1
D351,C313,1
D358,C313,1
D413,C313,1
D461,C313,1
D569,C313,1
D047,C314,1
D116,C314,1
D178,C314,1
D251,C314,1
D327,C314,1
D340,C314,1
D422,C314,1
D532,C314,1
D547,C314,1
D662,C315,1
D048,C316,1
D143,C316,1
D164,C316,1
D171,C316,1
D275,C316,1
D307,C316,1
D362,C316,1
D364,C316,1
D369,C316,1
D387,C316,1
D397,C316,1
D402,C316,1
D407,C316,1
D464,C316,1
D567,C316,1
D587,C316,1
D624,C316,1
D576,C317,1
D053,C318,1
D085,C318,1
D110,C318,1
D160,C318,1
D162,C318,1
D203,C318,1
D296,C318,1
D324,C318,1
D376,C318,1
D414,C318,1
D475,C318,1
D482,C318,1
D499,C318,1
D529,C318,1
D533,C318,1
D603,C318,1
D001,C319,1
D184,C319,1
D226,C319,1
D065,C320,1
D612,C321,1
D028,C322,1
D052,C322,1
D078,C322,1
D111,C322,1
D150,C322,1
D192,C322,1
D253,C322,1
D285,C322,1
D294,C322,1
D317,C322,1
D329,C322,1
D343,C322,1
D368,C322,1
D383,C322,1
D394,C322,1
D428,C322,1
D451,C322,1
D465,C322,1
D467,C322,1
D497,C322,1
D578,C322,1
D579,C322,1
D609,C322,1
D616,C322,1
D001,C323,1
D184,C323,1
D226,C323,1
D423,C324,1
D604,C324,1
D029,C325,1
D135,C325,1
D248,C325,1
D309,C325,1
D372,C325,1
D420,C325,1
D576,C325,1
D662,C326,1
D662,C327,1
D023,C328,1
D149,C328,1
D301,C328,1
D339,C328,1
D363,C328,1
D430,C328,1
D448,C328,1
D576,C328,1
D000,C329,1
D087,C329,1
D566,C329,1
D227,C330,1
D587,C330,1
D624,C330,1
D077,C331,1
D124,C331,1
D227,C331,1
D241,C331,1
D267,C331,1
D306,C331,1
D450,C331,1
D453,C331,1
D462,C331,1
D470,C331,1
D555,C331,1
D571,C331,1
D598,C331,1
D660,C331,1
D035,C332,1
D152,C332,1
D391,C332,1
D427,C332,1
D510,C332,1
D520,C332,1
D630,C332,1
D631,C332,1
D662,C333,1
D088,C334,1
D136,C334,1
D146,C334,1
D179,C334,1
D200,C334,1
D288,C334,1
D294,C334,1
D393,C334,1
D409,C334,1
D564,C334,1
D573,C334,1
D275,C335,1
D387,C335,1
D430,C335,1
D633,C335,1
D576,C336,1
D576,C337,1
D662,C338,1
D662,C339,1
D172,C340,1
D548,C340,1
D154,C341,1
D273,C341,1
D401,C341,1
D508,C341,1
D534,C341,1
D019,C342,1
D142,C342,1
D297,C342,1
D377,C342,1
D455,C342,1
D486,C342,1
D490,C342,1
D657,C343,1
D072,C344,1
D105,C344,1
D138,C344,1
D145,C344,1
D148,C344,1
D161,C344,1
D166,C344,1
D205,C344,1
D254,C344,1
D315,C344,1
D455,C344,1
D486,C344,1
D551,C344,1
D559,C344,1
D588,C344,1
D643,C344,1
D077,C345,1
D267,C345,1
D462,C345,1
D470,C345,1
D555,C345,1
D598,C345,1
D660,C345,1
D109,C346,1
D567,C346,1
D067,C347,1
D074,C347,1
D084,C347,1
D115,C347,1
D117,C347,1
D118,C347,1
D150,C347,1
D167,C347,1
D170,C347,1
D175,C347,1
D182,C347,1
D239,C347,1
D253,C347,1
D256,C347,1
D268,C347,1
D275,C347,1
D293,C347,1
D319,C347,1
D328,C347,1
D332,C347,1
D335,C347,1
D340,C347,1
D343,C347,1
D346,C347,1
D375,C347,1
D383,C347,1
D390,C347,1
D395,C347,1
D418,C347,1
D433,C347,1
D443,C347,1
D446,C347,1
D501,C347,1
D503,C347,1
D511,C347,1
D521,C347,1
D537,C347,1
D540,C347,1
D587,C347,1
D595,C347,1
D625,C347,1
D634,C347,1
D650,C347,1
D651,C347,1
D652,C347,1
D653,C347,1
D654,C347,1
D658,C347,1
D661,C347,1
D662,C348,1
D342,C349,1
D199,C350,1
D208,C350,1
D241,C350,1
D430,C350,1
D493,C350,1
D038,C351,1
D045,C351,1
D164,C351,1
D173,C351,1
D232,C351,1
D318,C351,1
D337,C351,1
D340,C351,1
D426,C351,1
D437,C351,1
D449,C351,1
D450,C351,1
D476,C351,1
D620,C351,1
D351,C352,1
D358,C352,1
D413,C352,1
D461,C352,1
D569,C352,1
D075,C353,1
D509,C353,1
D019,C354,1
D099,C354,1
D142,C354,1
D297,C354,1
D377,C354,1
D455,C354,1
D490,C354,1
D275,C355,1
D387,C355,1
D430,C355,1
D633,C355,1
D275,C356,1
D387,C356,1
D430,C356,1
D633,C356,1
D019,C357,1
D142,C357,1
D297,C357,1
D377,C357,1
D455,C357,1
D486,C357,1
D490,C357,1
D067,C358,1
D074,C358,1
D084,C358,1
D115,C358,1
D117,C358,1
D118,C358,1
D150,C358,1
D167,C358,1
D170,C358,1
D175,C358,1
D182,C358,1
D239,C358,1
D253,C358,1
D268,C358,1
D275,C358,1
D293,C358,1
D319,C358,1
D328,C358,1
D332,C358,1
D335,C358,1
D340,C358,1
D343,C358,1
D346,C358,1
D375,C358,1
D383,C358,1
D390,C358,1
D395,C358,1
D418,C358,1
D433,C358,1
D443,C358,1
D446,C358,1
D501,C358,1
D503,C358,1
D511,C358,1
D521,C358,1
D540,C358,1
D587,C358,1
D595,C358,1
D625,C358,1
D634,C358,1
D650,C358,1
D651,C358,1
D652,C358,1
D653,C358,1
D654,C358,1
D658,C358,1
D661,C358,1
D067,C359,1
D074,C359,1
D084,C359,1
D115,C359,1
D117,C359,1
D118,C359,1
D150,C359,1
D167,C359,1
D170,C359,1
D175,C359,1
D182,C359,1
D239,C359,1
D253,C359,1
D268,C359,1
D275,C359,1
D293,C359,1
D319,C359,1
D328,C359,1
D332,C359,1
D335,C359,1
D340,C359,1
D343,C359,1
D346,C359,1
D375,C359,1
D383,C359,1
D390,C359,1
D395,C359,1
D418,C359,1
D433,C359,1
D443,C359,1
D446,C359,1
D501,C359,1
D503,C359,1
D511,C359,1
D521,C359,1
D540,C359,1
D587,C359,1
D595,C359,1
D625,C359,1
D634,C359,1
D650,C359,1
D651,C359,1
D652,C359,1
D653,C359,1
D654,C359,1
D658,C359,1
D661,C359,1
D153,C360,1
D154,C360,1
D174,C360,1
D261,C360,1
D468,C360,1
D606,C360,1
D632,C360,1
D647,C360,1
D030,C361,1
D330,C361,1
D627,C361,1
D067,C362,1
D074,C362,1
D084,C362,1
D115,C362,1
D117,C362,1
D118,C362,1
D150,C362,1
D167,C362,1
D170,C362,1
D175,C362,1
D182,C362,1
D239,C362,1
D253,C362,1
D268,C362,1
D275,C362,1
D293,C362,1
D319,C362,1
D328,C362,1
D332,C362,1
D335,C362,1
D340,C362,1
D343,C362,1
D346,C362,1
D375,C362,1
D383,C362,1
D390,C362,1
D395,C362,1
D418,C362,1
D433,C362,1
D443,C362,1
D446,C362,1
D501,C362,1
D503,C362,1
D511,C362,1
D521,C362,1
D540,C362,1
D587,C362,1
D595,C362,1
D625,C362,1
D634,C362,1
D650,C362,1
D651,C362,1
D652,C362,1
D653,C362,1
D654,C362,1
D658,C362,1
D661,C362,1
D249,C363,1
D072,C364,1
D105,C364,1
D138,C364,1
D145,C364,1
D148,C364,1
D161,C364,1
D166,C364,1
D205,C364,1
D254,C364,1
D315,C364,1
D455,C364,1
D486,C364,1
D551,C364,1
D559,C364,1
D588,C364,1
D643,C364,1
D075,C365,1
D099,C365,1
D121,C365,1
D238,C365,1
D500,C365,1
D645,C365,1
D019,C366,1
D170,C366,1
D606,C367,1
D659,C367,1
D170,C368,1
D019,C369,1
D142,C369,1
D297,C369,1
D377,C369,1
D455,C369,1
D486,C369,1
D490,C369,1
D072,C370,1
D105,C370,1
D138,C370,1
D145,C370,1
D148,C370,1
D161,C370,1
D166,C370,1
D205,C370,1
D254,C370,1
D315,C370,1
D455,C370,1
D486,C370,1
D551,C370,1
D559,C370,1
D588,C370,1
D643,C370,1
D084,C371,1
D117,C371,1
D118,C371,1
D150,C371,1
D157,C371,1
D167,C371,1
D170,C371,1
D182,C371,1
D253,C371,1
D268,C371,1
D275,C371,1
D319,C371,1
D332,C371,1
D343,C371,1
D375,C371,1
D383,C371,1
D395,C371,1
D433,C371,1
D443,C371,1
D446,C371,1
D503,C371,1
D521,C371,1
D524,C371,1
D540,C371,1
D578,C371,1
D589,C371,1
D625,C371,1
D634,C371,1
D651,C371,1
D652,C371,1
D661,C371,1
D039,C372,1
D387,C372,1
D029,C373,1
D576,C373,1
D498,C374,1
D347,C375,1
D493,C375,1
D005,C376,1
D109,C376,1
D199,C376,1
D208,C376,1
D237,C376,1
D247,C376,1
D252,C376,1
D263,C376,1
D314,C376,1
D333,C376,1
D356,C376,1
D367,C376,1
D388,C376,1
D430,C376,1
D457,C376,1
D471,C376,1
D493,C376,1
D500,C376,1
D610,C376,1
D050,C377,1
D024,C378,1
D075,C378,1
D086,C378,1
D193,C378,1
D352,C378,1
D050,C379,1
D103,C379,1
D295,C379,1
D434,C379,1
D435,C379,1
D463,C379,1
D050,C380,1
D050,C381,1
D042,C382,1
D071,C382,1
D097,C382,1
D119,C382,1
D147,C382,1
D201,C382,1
D248,C382,1
D292,C382,1
D301,C382,1
D412,C382,1
D485,C382,1
D530,C382,1
D535,C382,1
D557,C382,1
D565,C382,1
D163,C383,1
D163,C384,1
D351,C385,1
D358,C385,1
D413,C385,1
D461,C385,1
D569,C385,1
D351,C386,1
D358,C386,1
D413,C386,1
D461,C386,1
D569,C386,1
D351,C387,1
D358,C387,1
D413,C387,1
D461,C387,1
D569,C387,1
D351,C388,1
D358,C388,1
D413,C388,1
D461,C388,1
D569,C388,1
D267,C389,1
D072,C390,1
D105,C390,1
D138,C390,1
D145,C390,1
D148,C390,1
D161,C390,1
D166,C390,1
D205,C390,1
D254,C390,1
D315,C390,1
D455,C390,1
D486,C390,1
D551,C390,1
D559,C390,1
D588,C390,1
D643,C390,1
D019,C391,1
D142,C391,1
D297,C391,1
D377,C391,1
D455,C391,1
D486,C391,1
D490,C391,1
D005,C392,1
D011,C392,1
D036,C392,1
D109,C392,1
D186,C392,1
D190,C392,1
D199,C392,1
D208,C392,1
D237,C392,1
D247,C392,1
D252,C392,1
D263,C392,1
D314,C392,1
D333,C392,1
D354,C392,1
D356,C392,1
D367,C392,1
D388,C392,1
D429,C392,1
D430,C392,1
D457,C392,1
D471,C392,1
D493,C392,1
D500,C392,1
D608,C392,1
D610,C392,1
D621,C392,1
D636,C392,1
D163,C393,1
D021,C394,1
D049,C394,1
D169,C394,1
D326,C394,1
D498,C395,1
D101,C396,1
D102,C396,1
D108,C396,1
D146,C396,1
D152,C396,1
D212,C396,1
D383,C396,1
D392,C396,1
D411,C396,1
D436,C396,1
D501,C396,1
D506,C396,1
D628,C396,1
D351,C397,1
D358,C397,1
D413,C397,1
D461,C397,1
D569,C397,1
D552,C398,1
D058,C399,1
D267,C399,1
D470,C399,1
D598,C399,1
D641,C399,1
D642,C399,1
D660,C399,1
D472,C400,1
D055,C401,1
D141,C401,1
D321,C401,1
D350,C401,1
D357,C401,1
D400,C401,1
D479,C401,1
D275,C402,1
D387,C402,1
D430,C402,1
D633,C402,1
D199,C403,1
D042,C404,1
D071,C404,1
D097,C404,1
D119,C404,1
D147,C404,1
D201,C404,1
D292,C404,1
D301,C404,1
D412,C404,1
D485,C404,1
D025,C405,1
D026,C405,1
D032,C405,1
D037,C405,1
D043,C405,1
D048,C405,1
D054,C405,1
D071,C405,1
D073,C405,1
D076,C405,1
D098,C405,1
D107,C405,1
D119,C405,1
D122,C405,1
D136,C405,1
D141,C405,1
D155,C405,1
D164,C405,1
D171,C405,1
D183,C405,1
D204,C405,1
D214,C405,1
D215,C405,1
D217,C405,1
D228,C405,1
D245,C405,1
D248,C405,1
D250,C405,1
D255,C405,1
D258,C405,1
D260,C405,1
D269,C405,1
D290,C405,1
D292,C405,1
D299,C405,1
D304,C405,1
D305,C405,1
D307,C405,1
D321,C405,1
D360,C405,1
D361,C405,1
D364,C405,1
D396,C405,1
D397,C405,1
D398,C405,1
D402,C405,1
D407,C405,1
D440,C405,1
D442,C405,1
D444,C405,1
D464,C405,1
D477,C405,1
D480,C405,1
D482,C405,1
D514,C405,1
D525,C405,1
D535,C405,1
D546,C405,1
D550,C405,1
D561,C405,1
D563,C405,1
D567,C405,1
D570,C405,1
D594,C405,1
D600,C405,1
D607,C405,1
D615,C405,1
D640,C405,1
D498,C406,1
D185,C407,1
D310,C407,1
D019,C408,1
D142,C408,1
D297,C408,1
D377,C408,1
D455,C408,1
D486,C408,1
D490,C408,1
