drug_id,target_id
D000,P0000
D000,P0001
D001,P0002
D001,P0003
D001,P0004
D002,P0005
D002,P0805
D002,P0006
D002,P0007
D004,P0008
D004,P0009
D004,P0010
D004,P0011
D004,P0012
D004,P0013
D005,P0014
D005,P0806
D005,P0015
D005,P0016
D005,P0017
D005,P0018
D005,P0019
D005,P0020
D006,P0021
D006,P0022
D006,P0023
D006,P0024
D006,P0025
D006,P0026
D006,P0027
D006,P0028
D006,P0029
D007,P0807
D007,P0808
D007,P0030
D007,P0031
D007,P0032
D007,P0809
D007,P0033
D007,P0034
D007,P0810
D007,P0035
D007,P0036
D007,P0811
D007,P0037
D007,P0812
D007,P0813
D007,P0038
D007,P0039
D007,P0040
D007,P0814
D007,P0041
D007,P0042
D007,P0043
D007,P0044
D008,P0045
D008,P0815
D008,P0046
D008,P0047
D008,P0048
D008,P0049
D008,P0050
D008,P0051
D008,P0052
D008,P0053
D008,P0054
D008,P0055
D008,P0816
D008,P0817
D008,P0056
D008,P0057
D009,P0058
D009,P0059
D010,P0818
D010,P0819
D010,P0820
D011,P0060
D011,P0821
D011,P0822
D011,P0823
D011,P0061
D011,P0062
D012,P0058
D013,P0063
D014,P0058
D014,P0824
D014,P0064
D014,P0825
D014,P0826
D014,P0065
D014,P0066
D014,P0827
D014,P0828
D014,P0067
D014,P0068
D014,P0069
D014,P0829
D014,P0070
D014,P0071
D014,P0072
D014,P0073
D014,P0830
D014,P0831
D014,P0832
D014,P0074
D014,P0075
D014,P0076
D014,P0077
D014,P0078
D014,P0079
D014,P0080
D015,P0081
D015,P0833
D015,P0082
D016,P0083
D016,P0084
D016,P0085
D016,P0086
D016,P0087
D016,P0088
D016,P0089
D016,P0090
D016,P0091
D016,P0092
D017,P0093
D017,P0834
D017,P0094
D017,P0095
D017,P0096
D017,P0097
D017,P0098
D017,P0099
D017,P0100
D017,P0101
D017,P0835
D017,P0102
D017,P0103
D018,P0836
D018,P0104
D018,P0105
D018,P0106
D018,P0107
D018,P0837
D018,P0108
D018,P0109
D018,P0110
D018,P0838
D018,P0111
D018,P0839
D018,P0840
D018,P0112
D018,P0113
D019,P0841
D019,P0114
D019,P0115
D019,P0116
D019,P0117
D019,P0118
D019,P0119
D019,P0120
D019,P0842
D019,P0121
D020,P0122
D021,P0123
D021,P0124
D021,P0125
D021,P0126
D021,P0127
D022,P0058
D023,P0128
D023,P0129
D024,P0130
D024,P0131
D025,P0132
D026,P0133
D026,P0134
D027,P0114
D027,P0135
D028,P0136
D029,P0137
D029,P0138
D030,P0139
D030,P0140
D030,P0141
D030,P0142
D030,P0143
D030,P0144
D030,P0145
D030,P0146
D030,P0147
D030,P0148
D030,P0843
D030,P0149
D030,P0150
D030,P0151
D030,P0152
D030,P0153
D030,P0130
D030,P0154
D030,P0844
D031,P0155
D031,P0156
D031,P0157
D031,P0158
D031,P0159
D031,P0160
D031,P0161
D031,P0162
D031,P0163
D031,P0164
D031,P0845
D031,P0846
D031,P0165
D031,P0166
D031,P0847
D031,P0167
D032,P0149
D033,P0168
D033,P0169
D034,P0170
D035,P0143
D035,P0130
D035,P0140
D035,P0154
D035,P0153
D035,P0171
D036,P0172
D036,P0143
D036,P0130
D036,P0173
D036,P0174
D036,P0175
D036,P0848
D036,P0176
D036,P0177
D036,P0178
D036,P0179
D036,P0091
D036,P0180
D036,P0181
D036,P0182
D036,P0183
D036,P0184
D036,P0849
D036,P0185
D036,P0186
D036,P0147
D036,P0148
D036,P0843
D037,P0149
D037,P0150
D038,P0131
D038,P0850
D039,P0008
D039,P0009
D039,P0011
D039,P0851
D039,P0187
D039,P0188
D039,P0012
D040,P0186
D040,P0047
D040,P0189
D040,P0190
D040,P0191
D040,P0192
D040,P0193
D040,P0194
D040,P0195
D040,P0196
D040,P0051
D040,P0197
D040,P0198
D040,P0199
D040,P0200
D040,P0201
D040,P0852
D040,P0202
D040,P0203
D040,P0204
D040,P0205
D040,P0206
D040,P0207
D040,P0208
D040,P0209
D040,P0210
D040,P0211
D040,P0212
D040,P0213
D040,P0214
D040,P0215
D040,P0216
D040,P0217
D040,P0218
D041,P0201
D041,P0219
D041,P0853
D042,P0131
D042,P0220
D042,P0854
D043,P0139
D043,P0221
D043,P0222
D044,P0223
D045,P0224
D045,P0225
D045,P0226
D045,P0227
D045,P0228
D045,P0229
D045,P0230
D045,P0231
D045,P0232
D046,P0144
D046,P0145
D046,P0146
D047,P0233
D047,P0234
D048,P0235
D048,P0236
D049,P0130
D049,P0237
D050,P0238
D050,P0239
D050,P0855
D050,P0240
D051,P0856
D051,P0857
D051,P0241
D052,P0149
D052,P0150
D053,P0242
D053,P0243
D053,P0244
D054,P0143
D055,P0128
D055,P0245
D055,P0129
D056,P0067
D057,P0235
D057,P0246
D057,P0247
D057,P0248
D059,P0136
D060,P0155
D060,P0156
D060,P0157
D060,P0158
D060,P0159
D060,P0160
D060,P0249
D060,P0020
D060,P0250
D060,P0251
D060,P0161
D060,P0162
D060,P0163
D060,P0164
D060,P0845
D060,P0846
D060,P0165
D060,P0166
D060,P0847
D060,P0167
D061,P0252
D061,P0253
D061,P0254
D061,P0255
D061,P0256
D061,P0858
D061,P0257
D061,P0258
D061,P0259
D062,P0083
D062,P0084
D062,P0114
D062,P0085
D062,P0260
D062,P0261
D062,P0262
D062,P0859
D063,P0177
D063,P0140
D063,P0237
D063,P0130
D063,P0143
D064,P0152
D064,P0263
D064,P0264
D064,P0265
D064,P0266
D064,P0267
D064,P0240
D064,P0239
D064,P0238
D064,P0860
D064,P0173
D064,P0268
D064,P0269
D064,P0237
D064,P0144
D064,P0145
D064,P0147
D064,P0148
D064,P0843
D064,P0177
D064,P0270
D064,P0176
D064,P0271
D064,P0861
D064,P0272
D064,P0273
D064,P0862
D064,P0863
D064,P0864
D064,P0865
D065,P0152
D065,P0274
D065,P0266
D065,P0265
D065,P0148
D065,P0238
D065,P0267
D065,P0147
D065,P0240
D065,P0843
D065,P0264
D065,P0263
D065,P0239
D065,P0173
D065,P0269
D065,P0144
D065,P0145
D065,P0146
D065,P0149
D065,P0150
D066,P0275
D066,P0276
D066,P0118
D066,P0277
D066,P0278
D066,P0131
D066,P0070
D066,P0071
D066,P0072
D066,P0073
D066,P0830
D066,P0831
D066,P0832
D066,P0074
D066,P0076
D066,P0179
D066,P0279
D066,P0155
D066,P0156
D066,P0157
D066,P0158
D066,P0159
D066,P0160
D066,P0161
D066,P0162
D066,P0163
D066,P0164
D066,P0845
D066,P0846
D066,P0165
D066,P0166
D066,P0847
D066,P0167
D067,P0136
D068,P0280
D068,P0281
D068,P0282
D068,P0283
D068,P0284
D068,P0285
D068,P0118
D068,P0286
D068,P0135
D069,P0866
D069,P0287
D069,P0118
D069,P0288
D070,P0289
D071,P0149
D071,P0150
D072,P0266
D072,P0267
D072,P0152
D072,P0144
D072,P0145
D072,P0146
D072,P0147
D072,P0148
D072,P0843
D073,P0070
D073,P0067
D073,P0831
D073,P0079
D073,P0068
D073,P0071
D073,P0073
D075,P0155
D075,P0276
D075,P0290
D075,P0291
D075,P0179
D075,P0278
D075,P0292
D075,P0275
D075,P0293
D075,P0279
D075,P0294
D075,P0295
D075,P0251
D075,P0296
D075,P0297
D075,P0867
D075,P0247
D075,P0248
D075,P0246
D075,P0298
D075,P0070
D075,P0071
D075,P0072
D075,P0073
D075,P0830
D075,P0831
D075,P0832
D075,P0074
D075,P0077
D076,P0132
D077,P0241
D077,P0131
D077,P0299
D077,P0300
D078,P0186
D078,P0190
D078,P0217
D078,P0047
D078,P0201
D078,P0195
D078,P0199
D078,P0129
D078,P0868
D078,P0301
D078,P0302
D078,P0303
D078,P0304
D078,P0869
D079,P0305
D080,P0306
D080,P0307
D080,P0308
D081,P0275
D081,P0177
D081,P0270
D081,P0176
D081,P0309
D081,P0310
D081,P0131
D081,P0311
D082,P0290
D082,P0294
D082,P0275
D082,P0312
D082,P0292
D082,P0299
D082,P0311
D083,P0313
D083,P0314
D083,P0315
D083,P0316
D084,P0237
D085,P0317
D085,P0318
D085,P0319
D085,P0320
D086,P0130
D086,P0143
D086,P0140
D087,P0280
D087,P0282
D088,P0321
D089,P0143
D089,P0130
D089,P0180
D089,P0181
D089,P0182
D089,P0183
D089,P0184
D089,P0849
D089,P0185
D089,P0322
D089,P0174
D090,P0323
D090,P0324
D091,P0172
D091,P0174
D091,P0175
D091,P0325
D092,P0290
D092,P0326
D093,P0327
D094,P0328
D094,P0280
D096,P0228
D096,P0226
D096,P0227
D097,P0070
D097,P0830
D097,P0131
D097,P0067
D097,P0824
D097,P0870
D097,P0871
D097,P0329
D097,P0330
D097,P0242
D098,P0235
D098,P0246
D099,P0125
D099,P0331
D099,P0332
D099,P0333
D099,P0276
D099,P0290
D099,P0291
D099,P0179
D099,P0278
D099,P0292
D099,P0275
D099,P0293
D099,P0279
D099,P0294
D099,P0277
D099,P0334
D099,P0335
D099,P0336
D099,P0129
D099,P0092
D099,P0086
D099,P0085
D100,P0239
D100,P0238
D100,P0855
D100,P0860
D100,P0269
D100,P0240
D100,P0265
D100,P0274
D101,P0084
D101,P0083
D101,P0337
D101,P0091
D102,P0172
D102,P0174
D102,P0175
D103,P0238
D103,P0239
D103,P0147
D103,P0274
D104,P0143
D104,P0130
D104,P0265
D104,P0240
D104,P0175
D104,P0174
D104,P0338
D104,P0339
D104,P0144
D104,P0146
D104,P0147
D104,P0237
D104,P0340
D104,P0341
D104,P0342
D104,P0343
D104,P0344
D104,P0173
D104,P0145
D104,P0269
D104,P0238
D104,P0172
D104,P0239
D104,P0268
D104,P0345
D104,P0872
D104,P0177
D104,P0270
D104,P0176
D104,P0271
D104,P0861
D104,P0131
D104,P0329
D104,P0330
D105,P0346
D106,P0136
D107,P0347
D108,P0172
D108,P0175
D108,P0174
D109,P0084
D109,P0083
D109,P0348
D109,P0349
D109,P0085
D109,P0350
D109,P0351
D109,P0092
D109,P0352
D110,P0045
D110,P0353
D110,P0354
D111,P0177
D111,P0270
D111,P0176
D112,P0172
D112,P0180
D112,P0181
D112,P0182
D112,P0183
D112,P0184
D112,P0849
D112,P0185
D112,P0175
D112,P0272
D112,P0020
D112,P0355
D112,P0249
D112,P0356
D113,P0265
D113,P0152
D113,P0263
D113,P0264
D113,P0267
D113,P0173
D113,P0266
D113,P0272
D113,P0268
D113,P0237
D113,P0144
D113,P0145
D113,P0177
D113,P0270
D113,P0176
D113,P0271
D113,P0149
D113,P0150
D113,P0151
D113,P0240
D113,P0239
D113,P0238
D113,P0860
D113,P0855
D113,P0155
D113,P0156
D113,P0157
D113,P0159
D113,P0846
D113,P0165
D113,P0166
D114,P0149
D114,P0150
D115,P0357
D115,P0358
D116,P0233
D116,P0359
D117,P0237
D118,P0131
D118,P0237
D118,P0176
D118,P0177
D118,P0861
D118,P0271
D118,P0270
D119,P0824
D119,P0070
D120,P0144
D120,P0145
D120,P0146
D120,P0131
D121,P0155
D121,P0156
D121,P0157
D121,P0158
D121,P0159
D121,P0160
D121,P0161
D121,P0162
D121,P0163
D121,P0164
D121,P0845
D121,P0846
D121,P0165
D121,P0166
D121,P0847
D121,P0167
D122,P0084
D122,P0243
D122,P0360
D123,P0328
D123,P0136
D125,P0263
D125,P0274
D126,P0177
D126,P0237
D127,P0361
D128,P0362
D128,P0363
D129,P0364
D130,P0152
D130,P0265
D130,P0263
D130,P0266
D130,P0267
D130,P0240
D130,P0239
D130,P0238
D130,P0860
D130,P0272
D130,P0173
D130,P0269
D130,P0268
D130,P0237
D130,P0343
D130,P0144
D130,P0145
D130,P0147
D130,P0148
D130,P0843
D130,P0177
D130,P0270
D130,P0176
D130,P0271
D130,P0861
D130,P0873
D130,P0365
D131,P0874
D131,P0366
D131,P0367
D131,P0368
D131,P0369
D131,P0370
D132,P0237
D132,P0177
D132,P0270
D132,P0176
D132,P0271
D132,P0861
D132,P0371
D133,P0328
D133,P0372
D133,P0280
D133,P0286
D133,P0135
D133,P0136
D134,P0144
D134,P0145
D134,P0146
D134,P0147
D134,P0148
D134,P0149
D134,P0843
D134,P0150
D134,P0151
D134,P0373
D134,P0139
D134,P0221
D135,P0156
D135,P0159
D135,P0158
D135,P0157
D135,P0160
D135,P0155
D135,P0161
D135,P0162
D135,P0163
D135,P0164
D135,P0845
D135,P0846
D135,P0165
D135,P0166
D135,P0847
D135,P0167
D136,P0149
D136,P0150
D136,P0875
D137,P0374
D137,P0086
D137,P0223
D138,P0177
D138,P0270
D138,P0176
D138,P0271
D138,P0861
D139,P0275
D139,P0359
D140,P0241
D140,P0375
D141,P0070
D141,P0830
D141,P0075
D141,P0069
D141,P0246
D141,P0376
D141,P0080
D141,P0876
D142,P0014
D142,P0017
D142,P0377
D143,P0378
D143,P0379
D143,P0380
D143,P0381
D144,P0241
D145,P0177
D145,P0271
D145,P0270
D145,P0176
D146,P0144
D146,P0145
D146,P0146
D147,P0382
D148,P0177
D148,P0849
D148,P0270
D149,P0070
D149,P0071
D149,P0072
D149,P0073
D149,P0830
D149,P0831
D149,P0832
D149,P0074
D149,P0383
D149,P0359
D150,P0136
D151,P0328
D151,P0280
D151,P0383
D151,P0384
D151,P0174
D151,P0299
D151,P0136
D151,P0286
D151,P0135
D151,P0282
D152,P0263
D152,P0149
D152,P0150
D152,P0147
D152,P0148
D152,P0843
D153,P0385
D153,P0386
D153,P0387
D153,P0388
D153,P0389
D153,P0390
D153,P0391
D153,P0392
D153,P0393
D153,P0394
D154,P0313
D154,P0314
D155,P0070
D155,P0067
D155,P0831
D155,P0071
D155,P0073
D156,P0155
D156,P0156
D156,P0157
D156,P0158
D156,P0159
D156,P0160
D156,P0161
D156,P0162
D156,P0163
D156,P0164
D156,P0845
D156,P0846
D156,P0165
D156,P0166
D156,P0847
D156,P0167
D157,P0237
D158,P0395
D158,P0396
D159,P0263
D159,P0152
D159,P0265
D159,P0173
D159,P0240
D159,P0239
D159,P0238
D159,P0860
D159,P0272
D159,P0865
D159,P0268
D159,P0269
D159,P0144
D159,P0145
D159,P0147
D159,P0148
D159,P0843
D159,P0149
D159,P0177
D159,P0270
D159,P0176
D159,P0271
D159,P0861
D159,P0264
D159,P0266
D159,P0267
D159,P0237
D159,P0342
D159,P0343
D159,P0130
D159,P0143
D159,P0140
D160,P0085
D160,P0088
D160,P0092
D160,P0086
D160,P0228
D160,P0226
D160,P0227
D161,P0266
D161,P0152
D161,P0267
D161,P0240
D161,P0147
D162,P0243
D163,P0397
D164,P0383
D164,P0286
D164,P0328
D164,P0136
D164,P0877
D164,P0384
D164,P0372
D164,P0398
D164,P0399
D164,P0135
D164,P0824
D164,P0064
D164,P0825
D164,P0826
D164,P0065
D164,P0066
D164,P0827
D164,P0828
D164,P0067
D164,P0068
D164,P0069
D164,P0829
D164,P0070
D164,P0071
D164,P0072
D164,P0073
D164,P0830
D164,P0831
D164,P0832
D164,P0074
D164,P0075
D164,P0076
D164,P0077
D164,P0078
D164,P0079
D164,P0080
D164,P0118
D165,P0143
D165,P0140
D165,P0240
D166,P0177
D166,P0270
D166,P0176
D166,P0271
D167,P0237
D168,P0400
D168,P0878
D168,P0401
D169,P0152
D169,P0237
D169,P0144
D169,P0145
D169,P0146
D169,P0147
D169,P0148
D169,P0843
D170,P0237
D170,P0265
D170,P0173
D170,P0177
D170,P0270
D170,P0176
D170,P0269
D171,P0402
D171,P0361
D171,P0246
D171,P0247
D171,P0248
D172,P0403
D173,P0879
D174,P0252
D174,P0404
D174,P0405
D175,P0136
D176,P0241
D177,P0241
D178,P0233
D178,P0406
D179,P0144
D179,P0147
D179,P0150
D179,P0017
D179,P0014
D180,P0307
D180,P0306
D180,P0407
D180,P0408
D181,P0174
D181,P0180
D181,P0182
D181,P0181
D181,P0183
D181,P0184
D181,P0177
D181,P0270
D181,P0176
D181,P0271
D181,P0861
D181,P0172
D181,P0140
D181,P0143
D181,P0130
D181,P0377
D182,P0237
D182,P0131
D183,P0144
D183,P0145
D183,P0146
D183,P0131
D183,P0147
D183,P0148
D184,P0265
D184,P0143
D184,P0130
D184,P0237
D184,P0144
D184,P0146
D184,P0176
D184,P0177
D184,P0271
D184,P0270
D184,P0861
D184,P0309
D184,P0310
D184,P0173
D184,P0145
D184,P0269
D184,P0263
D184,P0264
D184,P0152
D184,P0131
D184,P0140
D184,P0240
D184,P0268
D184,P0409
D184,P0311
D186,P0083
D186,P0084
D187,P0410
D187,P0411
D188,P0083
D188,P0084
D189,P0412
D189,P0287
D190,P0083
D190,P0084
D191,P0413
D191,P0414
D192,P0114
D192,P0415
D193,P0130
D193,P0173
D193,P0416
D193,P0355
D193,P0417
D193,P0418
D193,P0131
D194,P0155
D194,P0156
D194,P0157
D194,P0158
D194,P0159
D194,P0160
D194,P0161
D194,P0162
D194,P0163
D194,P0164
D194,P0845
D194,P0846
D194,P0165
D194,P0166
D194,P0847
D194,P0167
D195,P0130
D195,P0143
D195,P0140
D196,P0152
D196,P0263
D196,P0240
D196,P0265
D196,P0144
D196,P0145
D196,P0237
D196,P0131
D196,P0264
D196,P0266
D196,P0267
D196,P0173
D196,P0274
D196,P0146
D196,P0147
D196,P0148
D196,P0843
D196,P0177
D196,P0176
D196,P0376
D196,P0419
D196,P0299
D196,P0311
D196,P0268
D196,P0269
D196,P0343
D197,P0420
D197,P0421
D197,P0422
D197,P0083
D198,P0280
D198,P0282
D198,P0423
D198,P0424
D199,P0083
D199,P0425
D199,P0247
D199,P0298
D199,P0880
D200,P0147
D200,P0843
D200,P0148
D201,P0131
D201,P0149
D201,P0150
D202,P0240
D202,P0152
D202,P0266
D202,P0267
D202,P0144
D202,P0145
D202,P0146
D203,P0317
D203,P0318
D203,P0426
D203,P0881
D204,P0133
D205,P0346
D206,P0175
D206,P0174
D206,P0172
D207,P0286
D207,P0359
D207,P0118
D208,P0083
D208,P0084
D209,P0342
D210,P0263
D210,P0182
D210,P0152
D210,P0265
D210,P0266
D210,P0427
D210,P0139
D210,P0173
D210,P0344
D210,P0237
D210,P0176
D210,P0144
D210,P0147
D210,P0148
D210,P0843
D210,P0240
D210,P0268
D210,P0269
D211,P0152
D211,P0263
D211,P0274
D211,P0177
D211,P0270
D212,P0344
D212,P0882
D212,P0849
D212,P0416
D212,P0130
D212,P0428
D212,P0355
D212,P0249
D212,P0417
D212,P0356
D212,P0020
D212,P0172
D212,P0175
D212,P0174
D212,P0429
D212,P0430
D212,P0431
D212,P0432
D212,P0433
D212,P0434
D212,P0435
D212,P0143
D213,P0436
D213,P0437
D213,P0438
D213,P0439
D214,P0133
D215,P0149
D215,P0150
D216,P0231
D216,P0228
D216,P0224
D216,P0226
D216,P0225
D216,P0227
D216,P0440
D216,P0441
D216,P0883
D217,P0402
D218,P0290
D218,P0275
D218,P0419
D219,P0824
D220,P0312
D220,P0118
D221,P0118
D222,P0275
D222,P0118
D223,P0884
D223,P0885
D223,P0262
D224,P0442
D224,P0443
D224,P0875
D224,P0886
D224,P0444
D224,P0445
D225,P0857
D225,P0856
D225,P0241
D225,P0131
D225,P0887
D225,P0888
D225,P0889
D225,P0890
D225,P0891
D225,P0892
D225,P0893
D226,P0143
D226,P0130
D226,P0265
D226,P0240
D226,P0237
D226,P0144
D226,P0146
D226,P0173
D226,P0145
D226,P0147
D226,P0148
D226,P0843
D226,P0149
D226,P0150
D226,P0151
D226,P0152
D226,P0428
D226,P0344
D226,P0872
D226,P0177
D226,P0270
D226,P0176
D226,P0271
D226,P0861
D227,P0364
D227,P0446
D228,P0133
D229,P0404
D230,P0014
D230,P0017
D230,P0300
D231,P0136
D232,P0894
D232,P0447
D232,P0398
D232,P0448
D232,P0895
D233,P0415
D234,P0449
D235,P0450
D237,P0083
D237,P0084
D238,P0077
D238,P0276
D238,P0290
D238,P0291
D238,P0179
D238,P0278
D238,P0292
D238,P0275
D238,P0293
D238,P0279
D238,P0294
D238,P0186
D238,P0190
D238,P0144
D238,P0147
D238,P0149
D238,P0263
D238,P0264
D238,P0152
D238,P0155
D238,P0156
D238,P0157
D238,P0158
D238,P0159
D238,P0160
D238,P0161
D238,P0162
D238,P0163
D238,P0164
D238,P0845
D238,P0846
D238,P0165
D238,P0166
D238,P0847
D238,P0167
D238,P0237
D238,P0174
D238,P0451
D238,P0265
D238,P0272
D238,P0452
D239,P0237
D239,P0131
D240,P0453
D240,P0454
D241,P0455
D241,P0404
D241,P0456
D242,P0276
D242,P0290
D242,P0291
D242,P0179
D242,P0278
D242,P0292
D242,P0275
D242,P0293
D242,P0279
D242,P0294
D242,P0249
D242,P0118
D243,P0395
D243,P0457
D244,P0458
D244,P0364
D244,P0896
D244,P0459
D244,P0897
D244,P0229
D245,P0149
D245,P0150
D245,P0151
D245,P0240
D245,P0239
D246,P0177
D246,P0270
D246,P0176
D246,P0271
D246,P0861
D246,P0460
D246,P0249
D246,P0356
D247,P0084
D247,P0083
D247,P0092
D247,P0085
D248,P0147
D248,P0148
D248,P0843
D248,P0144
D248,P0145
D248,P0146
D249,P0898
D249,P0461
D249,P0462
D249,P0899
D249,P0463
D249,P0464
D249,P0465
D249,P0466
D249,P0403
D249,P0377
D249,P0262
D250,P0133
D251,P0342
D252,P0083
D252,P0084
D253,P0136
D253,P0328
D253,P0467
D253,P0383
D254,P0152
D254,P0266
D254,P0267
D254,P0263
D254,P0264
D254,P0240
D254,P0238
D254,P0274
D254,P0265
D254,P0173
D254,P0239
D254,P0147
D254,P0148
D254,P0843
D254,P0269
D255,P0144
D255,P0146
D255,P0131
D255,P0329
D255,P0330
D255,P0145
D256,P0136
D256,P0468
D256,P0469
D256,P0470
D256,P0471
D256,P0472
D257,P0078
D258,P0379
D258,P0378
D258,P0381
D258,P0380
D258,P0473
D258,P0474
D258,P0475
D258,P0476
D258,P0477
D259,P0136
D260,P0149
D260,P0150
D260,P0144
D260,P0145
D260,P0146
D261,P0328
D261,P0280
D261,P0478
D261,P0155
D261,P0156
D261,P0157
D261,P0158
D261,P0159
D261,P0160
D261,P0161
D261,P0162
D261,P0163
D261,P0164
D261,P0845
D261,P0846
D261,P0165
D261,P0166
D261,P0847
D261,P0167
D262,P0479
D262,P0272
D262,P0265
D262,P0131
D263,P0083
D263,P0084
D263,P0480
D263,P0481
D263,P0086
D263,P0351
D263,P0482
D264,P0483
D264,P0900
D264,P0484
D264,P0901
D264,P0485
D264,P0486
D264,P0487
D265,P0174
D265,P0175
D265,P0172
D266,P0149
D266,P0150
D267,P0488
D267,P0391
D267,P0902
D267,P0338
D267,P0489
D267,P0490
D267,P0491
D267,P0492
D267,P0390
D268,P0136
D269,P0070
D269,P0831
D269,P0067
D269,P0071
D269,P0191
D269,P0192
D269,P0144
D269,P0145
D269,P0146
D269,P0177
D269,P0270
D269,P0176
D269,P0271
D269,P0861
D269,P0419
D270,P0152
D270,P0263
D270,P0419
D270,P0286
D270,P0265
D270,P0173
D271,P0286
D271,P0280
D271,P0383
D272,P0493
D272,P0288
D272,P0494
D272,P0495
D273,P0313
D273,P0496
D273,P0497
D273,P0498
D273,P0499
D274,P0252
D274,P0255
D275,P0136
D276,P0092
D277,P0237
D277,P0131
D277,P0409
D277,P0406
D278,P0903
D279,P0190
D279,P0217
D279,P0218
D279,P0186
D280,P0128
D280,P0245
D280,P0129
D281,P0404
D281,P0456
D281,P0455
D281,P0500
D282,P0001
D282,P0904
D283,P0175
D283,P0174
D283,P0172
D283,P0377
D285,P0047
D285,P0195
D285,P0196
D285,P0051
D285,P0186
D285,P0190
D286,P0174
D286,P0172
D286,P0344
D287,P0070
D287,P0071
D287,P0072
D287,P0073
D287,P0830
D287,P0831
D287,P0832
D287,P0074
D287,P0076
D288,P0321
D289,P0280
D289,P0282
D289,P0286
D289,P0362
D289,P0135
D290,P0416
D290,P0020
D290,P0249
D290,P0356
D291,P0155
D291,P0156
D291,P0157
D291,P0158
D291,P0159
D291,P0160
D291,P0161
D291,P0162
D291,P0163
D291,P0164
D291,P0845
D291,P0846
D291,P0165
D291,P0166
D291,P0847
D291,P0167
D291,P0180
D291,P0181
D291,P0182
D291,P0183
D291,P0184
D291,P0849
D291,P0185
D291,P0501
D292,P0070
D292,P0075
D292,P0076
D292,P0242
D292,P0078
D292,P0079
D292,P0131
D292,P0130
D292,P0144
D292,P0145
D292,P0146
D293,P0136
D294,P0144
D294,P0145
D294,P0149
D294,P0147
D294,P0150
D294,P0148
D294,P0146
D294,P0483
D295,P0855
D295,P0238
D295,P0239
D295,P0240
D296,P0244
D297,P0014
D297,P0020
D297,P0905
D297,P0017
D298,P0280
D298,P0282
D298,P0502
D298,P0119
D298,P0117
D298,P0503
D298,P0504
D298,P0505
D298,P0506
D298,P0507
D298,P0508
D298,P0286
D298,P0131
D298,P0118
D298,P0281
D298,P0135
D298,P0509
D299,P0132
D300,P0152
D300,P0263
D300,P0144
D300,P0145
D300,P0265
D300,P0131
D301,P0510
D301,P0118
D302,P0366
D302,P0511
D302,P0512
D303,P0383
D303,P0136
D304,P0133
D305,P0147
D305,P0144
D305,P0145
D305,P0146
D306,P0241
D306,P0375
D307,P0235
D307,P0247
D307,P0513
D308,P0238
D308,P0239
D308,P0265
D308,P0152
D308,P0144
D308,P0145
D308,P0146
D308,P0147
D308,P0263
D308,P0264
D308,P0240
D308,P0855
D308,P0173
D308,P0274
D308,P0843
D309,P0147
D309,P0148
D309,P0843
D309,P0514
D309,P0144
D309,P0145
D309,P0146
D310,P0144
D311,P0175
D311,P0174
D311,P0172
D311,P0882
D312,P0144
D312,P0146
D312,P0145
D313,P0313
D313,P0314
D314,P0084
D314,P0083
D315,P0267
D315,P0152
D315,P0266
D315,P0264
D315,P0263
D315,P0843
D315,P0148
D315,P0240
D315,P0265
D315,P0274
D315,P0173
D315,P0147
D315,P0238
D315,P0239
D316,P0130
D316,P0143
D316,P0265
D316,P0144
D316,P0145
D316,P0146
D316,P0147
D316,P0148
D316,P0843
D316,P0149
D316,P0150
D316,P0151
D316,P0152
D316,P0237
D316,P0240
D316,P0239
D316,P0238
D316,P0860
D316,P0855
D316,P0274
D316,P0173
D316,P0272
D316,P0273
D316,P0862
D316,P0863
D316,P0864
D316,P0479
D316,P0268
D316,P0269
D316,P0177
D316,P0270
D316,P0176
D316,P0271
D316,P0861
D316,P0263
D316,P0264
D317,P0415
D317,P0515
D317,P0516
D317,P0517
D317,P0518
D318,P0328
D318,P0286
D318,P0136
D319,P0237
D320,P0290
D320,P0849
D320,P0272
D320,P0140
D320,P0416
D320,P0361
D320,P0519
D320,P0906
D320,P0907
D320,P0520
D320,P0287
D320,P0908
D320,P0521
D320,P0522
D320,P0467
D320,P0523
D320,P0154
D320,P0153
D320,P0524
D320,P0525
D321,P0133
D321,P0360
D322,P0526
D322,P0527
D323,P0347
D324,P0244
D324,P0085
D325,P0014
D325,P0017
D326,P0265
D326,P0152
D326,P0145
D326,P0148
D326,P0144
D326,P0843
D326,P0237
D326,P0173
D326,P0238
D326,P0240
D326,P0269
D326,P0263
D327,P0233
D327,P0234
D328,P0136
D328,P0468
D329,P0114
D330,P0145
D330,P0140
D331,P0177
D331,P0319
D331,P0270
D331,P0176
D331,P0271
D331,P0861
D331,P0249
D331,P0356
D332,P0237
D333,P0083
D333,P0084
D333,P0228
D334,P0275
D335,P0237
D335,P0342
D335,P0144
D335,P0147
D335,P0265
D335,P0269
D336,P0275
D336,P0118
D337,P0226
D337,P0227
D337,P0225
D337,P0105
D337,P0528
D337,P0104
D337,P0529
D337,P0231
D337,P0224
D337,P0530
D337,P0531
D337,P0532
D337,P0533
D337,P0228
D337,P0534
D337,P0535
D337,P0883
D337,P0536
D338,P0272
D339,P0223
D340,P0909
D340,P0910
D340,P0911
D340,P0912
D340,P0913
D340,P0537
D340,P0914
D340,P0538
D341,P0915
D341,P0539
D342,P0449
D343,P0136
D343,P0328
D344,P0540
D345,P0237
D345,P0271
D345,P0177
D345,P0861
D345,P0270
D345,P0176
D346,P0237
D346,P0342
D346,P0541
D346,P0542
D346,P0543
D346,P0544
D346,P0545
D346,P0546
D347,P0326
D347,P0547
D347,P0351
D348,P0177
D349,P0241
D349,P0375
D350,P0548
D350,P0408
D351,P0276
D351,P0290
D351,P0291
D351,P0179
D351,P0278
D351,P0292
D351,P0275
D351,P0293
D351,P0279
D351,P0294
D351,P0277
D351,P0334
D351,P0335
D351,P0336
D352,P0154
D352,P0153
D352,P0549
D352,P0094
D352,P0100
D352,P0102
D352,P0916
D353,P0280
D353,P0282
D353,P0118
D353,P0249
D353,P0550
D353,P0551
D353,P0552
D354,P0084
D354,P0083
D355,P0917
D355,P0918
D355,P0919
D356,P0084
D356,P0083
D356,P0920
D357,P0133
D357,P0553
D358,P0155
D358,P0156
D358,P0157
D358,P0158
D358,P0159
D358,P0160
D358,P0249
D358,P0020
D358,P0250
D358,P0251
D358,P0161
D358,P0162
D358,P0163
D358,P0164
D358,P0845
D358,P0846
D358,P0165
D358,P0166
D358,P0847
D358,P0167
D359,P0114
D359,P0083
D359,P0084
D359,P0085
D359,P0260
D359,P0261
D359,P0554
D359,P0555
D359,P0556
D359,P0557
D360,P0132
D361,P0263
D361,P0264
D361,P0147
D361,P0843
D361,P0148
D361,P0145
D361,P0146
D361,P0144
D362,P0177
D362,P0270
D363,P0186
D363,P0190
D363,P0558
D364,P0402
D365,P0177
D366,P0172
D366,P0175
D366,P0174
D366,P0478
D367,P0083
D367,P0084
D368,P0150
D369,P0246
D369,P0247
D369,P0248
D369,P0559
D369,P0560
D369,P0298
D369,P0561
D369,P0562
D370,P0201
D370,P0202
D371,P0442
D371,P0033
D372,P0155
D372,P0156
D372,P0157
D372,P0158
D372,P0159
D372,P0160
D372,P0161
D372,P0162
D372,P0163
D372,P0164
D372,P0845
D372,P0846
D372,P0165
D372,P0166
D372,P0847
D372,P0167
D373,P0152
D373,P0873
D373,P0144
D373,P0419
D373,P0563
D373,P0564
D374,P0328
D374,P0136
D374,P0565
D374,P0118
D375,P0237
D375,P0177
D375,P0270
D375,P0176
D375,P0271
D375,P0861
D376,P0244
D376,P0242
D377,P0014
D377,P0265
D377,P0017
D377,P0566
D377,P0921
D377,P0567
D377,P0568
D377,P0569
D377,P0180
D377,P0181
D377,P0182
D377,P0183
D377,P0184
D377,P0849
D377,P0185
D378,P0175
D378,P0174
D378,P0172
D379,P0136
D380,P0570
D381,P0355
D381,P0922
D381,P0923
D381,P0924
D381,P0925
D381,P0926
D382,P0927
D382,P0571
D383,P0143
D383,P0140
D383,P0144
D383,P0147
D383,P0150
D383,P0130
D383,P0149
D383,P0572
D383,P0483
D383,P0569
D383,P0573
D383,P0574
D383,P0575
D383,P0576
D383,P0577
D383,P0578
D383,P0579
D383,P0928
D383,P0580
D383,P0229
D383,P0581
D387,P0136
D388,P0083
D388,P0084
D389,P0342
D389,P0014
D390,P0358
D391,P0139
D391,P0147
D391,P0144
D391,P0140
D392,P0275
D393,P0247
D393,P0248
D393,P0246
D393,P0298
D394,P0150
D394,P0151
D394,P0149
D396,P0132
D397,P0246
D397,P0247
D397,P0402
D398,P0133
D399,P0280
D399,P0135
D400,P0347
D401,P0313
D402,P0235
D402,P0236
D402,P0929
D402,P0582
D402,P0583
D404,P0272
D405,P0460
D405,P0849
D405,P0584
D405,P0155
D405,P0830
D405,P0272
D405,P0156
D405,P0930
D405,P0070
D405,P0159
D405,P0158
D405,P0157
D405,P0452
D405,P0824
D405,P0416
D405,P0160
D405,P0250
D405,P0585
D405,P0586
D405,P0249
D405,P0356
D405,P0322
D405,P0587
D405,P0588
D405,P0589
D405,P0590
D405,P0020
D405,P0931
D405,P0161
D405,P0163
D405,P0162
D405,P0073
D405,P0071
D405,P0417
D405,P0355
D405,P0591
D405,P0932
D405,P0592
D405,P0846
D405,P0166
D405,P0845
D405,P0847
D405,P0167
D405,P0164
D405,P0593
D405,P0864
D405,P0273
D405,P0863
D405,P0862
D405,P0064
D405,P0933
D405,P0594
D406,P0172
D406,P0175
D406,P0174
D407,P0235
D407,P0382
D407,P0595
D407,P0365
D408,P0272
D408,P0479
D408,P0172
D408,P0240
D408,P0239
D409,P0326
D409,P0321
D409,P0596
D410,P0597
D411,P0140
D411,P0143
D411,P0130
D411,P0276
D411,P0290
D411,P0291
D411,P0179
D411,P0278
D411,P0292
D411,P0275
D411,P0293
D411,P0279
D411,P0294
D411,P0277
D411,P0334
D411,P0335
D411,P0336
D411,P0177
D411,P0270
D411,P0344
D411,P0377
D412,P0275
D412,P0870
D412,P0871
D412,P0131
D412,P0144
D412,P0145
D412,P0146
D413,P0276
D413,P0179
D413,P0278
D413,P0292
D413,P0275
D413,P0294
D413,P0291
D413,P0277
D413,P0334
D413,P0335
D413,P0336
D413,P0078
D413,P0079
D413,P0080
D413,P0246
D413,P0247
D413,P0298
D413,P0248
D413,P0598
D413,P0934
D413,P0935
D413,P0561
D413,P0599
D413,P0600
D413,P0601
D413,P0602
D413,P0559
D413,P0603
D413,P0560
D413,P0153
D413,P0154
D414,P0244
D414,P0085
D415,P0936
D415,P0849
D415,P0152
D415,P0020
D415,P0249
D415,P0355
D416,P0547
D416,P0326
D416,P0596
D416,P0604
D416,P0351
D417,P0238
D417,P0239
D418,P0237
D418,P0571
D419,P0174
D419,P0172
D419,P0175
D419,P0605
D420,P0265
D420,P0274
D420,P0173
D420,P0268
D420,P0130
D420,P0143
D420,P0269
D420,P0606
D420,P0607
D421,P0144
D421,P0147
D421,P0843
D421,P0419
D421,P0148
D421,P0150
D421,P0145
D421,P0146
D422,P0342
D423,P0524
D424,P0596
D424,P0547
D424,P0604
D424,P0326
D425,P0265
D425,P0152
D426,P0084
D426,P0083
D426,P0608
D427,P0143
D427,P0140
D428,P0150
D428,P0149
D428,P0151
D429,P0084
D429,P0114
D429,P0083
D429,P0340
D429,P0345
D430,P0084
D430,P0083
D430,P0608
D430,P0049
D430,P0055
D430,P0045
D430,P0816
D430,P0817
D430,P0056
D430,P0057
D430,P0454
D430,P0609
D430,P0610
D430,P0611
D430,P0612
D430,P0921
D430,P0613
D430,P0315
D430,P0261
D430,P0614
D430,P0937
D430,P0481
D430,P0615
D430,P0616
D430,P0617
D430,P0618
D430,P0619
D430,P0308
D431,P0280
D432,P0182
D432,P0181
D433,P0237
D434,P0855
D434,P0238
D434,P0239
D434,P0240
D435,P0855
D435,P0238
D435,P0239
D436,P0175
D436,P0172
D436,P0344
D437,P0328
D437,P0286
D437,P0280
D439,P0136
D439,P0468
D440,P0149
D440,P0240
D440,P0150
D440,P0239
D440,P0151
D441,P0083
D441,P0084
D442,P0132
D442,P0085
D443,P0237
D444,P0147
D444,P0170
D445,P0272
D446,P0237
D446,P0342
D446,P0557
D446,P0620
D447,P0621
D447,P0622
D447,P0623
D448,P0201
D448,P0194
D448,P0195
D448,P0450
D448,P0624
D448,P0299
D449,P0280
D449,P0118
D450,P0231
D450,P0225
D451,P0150
D451,P0149
D451,P0151
D452,P0286
D453,P0625
D454,P0152
D454,P0263
D454,P0264
D454,P0266
D454,P0267
D454,P0140
D454,P0033
D454,P0240
D454,P0269
D454,P0143
D454,P0130
D454,P0272
D454,P0273
D454,P0626
D454,P0139
D455,P0014
D455,P0017
D456,P0362
D457,P0084
D457,P0083
D459,P0434
D460,P0627
D460,P0261
D461,P0067
D461,P0068
D461,P0876
D461,P0075
D461,P0186
D461,P0345
D461,P0628
D462,P0241
D462,P0629
D463,P0238
D463,P0239
D464,P0402
D464,P0361
D465,P0150
D465,P0149
D465,P0151
D466,P0290
D467,P0630
D468,P0252
D469,P0362
D471,P0084
D471,P0083
D471,P0631
D472,P0632
D473,P0136
D473,P0468
D473,P0383
D474,P0085
D474,P0083
D474,P0084
D474,P0114
D475,P0244
D475,P0242
D475,P0633
D475,P0634
D475,P0635
D475,P0463
D475,P0583
D475,P0636
D475,P0637
D476,P0938
D476,P0939
D476,P0567
D476,P0114
D476,P0638
D476,P0639
D476,P0613
D476,P0315
D476,P0640
D476,P0614
D476,P0641
D476,P0642
D476,P0643
D476,P0644
D476,P0645
D476,P0937
D476,P0481
D476,P0615
D476,P0616
D476,P0617
D476,P0509
D476,P0646
D476,P0021
D477,P0147
D477,P0148
D478,P0270
D478,P0177
D478,P0176
D478,P0271
D479,P0940
D480,P0070
D480,P0067
D480,P0831
D480,P0071
D480,P0073
D480,P0079
D480,P0068
D480,P0419
D480,P0192
D480,P0191
D480,P0383
D480,P0941
D480,P0563
D481,P0942
D481,P0286
D481,P0384
D481,P0647
D481,P0131
D481,P0118
D481,P0371
D482,P0132
D482,P0229
D483,P0539
D483,P0915
D484,P0648
D484,P0649
D484,P0650
D484,P0943
D485,P0275
D485,P0524
D485,P0131
D486,P0153
D486,P0154
D487,P0092
D487,P0651
D487,P0118
D488,P0420
D488,P0483
D488,P0569
D488,P0652
D488,P0083
D488,P0299
D488,P0311
D490,P0272
D490,P0848
D490,P0152
D490,P0180
D490,P0181
D490,P0182
D490,P0183
D490,P0184
D490,P0849
D490,P0185
D490,P0155
D490,P0156
D490,P0157
D490,P0158
D490,P0159
D490,P0160
D490,P0161
D490,P0162
D490,P0163
D490,P0164
D490,P0845
D490,P0846
D490,P0165
D490,P0166
D490,P0847
D490,P0167
D490,P0460
D490,P0584
D490,P0653
D490,P0944
D490,P0654
D491,P0945
D491,P0118
D492,P0655
D493,P0083
D493,P0084
D493,P0656
D493,P0657
D493,P0658
D493,P0085
D493,P0583
D493,P0092
D493,P0659
D493,P0660
D495,P0176
D495,P0270
D495,P0177
D496,P0152
D496,P0286
D497,P0149
D497,P0150
D497,P0151
D497,P0614
D497,P0661
D497,P0662
D497,P0663
D497,P0946
D497,P0626
D498,P0664
D498,P0665
D498,P0280
D498,P0947
D498,P0419
D498,P0262
D498,P0666
D498,P0667
D498,P0668
D498,P0669
D499,P0244
D499,P0085
D500,P0155
D500,P0156
D500,P0157
D500,P0158
D500,P0159
D500,P0160
D500,P0161
D500,P0162
D500,P0163
D500,P0164
D500,P0845
D500,P0846
D500,P0165
D500,P0166
D500,P0847
D500,P0167
D500,P0118
D501,P0237
D501,P0152
D501,P0177
D501,P0270
D501,P0176
D501,P0271
D501,P0861
D501,P0144
D501,P0145
D501,P0146
D501,P0147
D501,P0148
D501,P0843
D501,P0419
D501,P0342
D501,P0670
D501,P0671
D501,P0672
D501,P0673
D501,P0674
D501,P0675
D501,P0676
D501,P0677
D501,P0678
D501,P0679
D501,P0680
D501,P0223
D501,P0681
D501,P0948
D501,P0682
D501,P0683
D501,P0684
D501,P0949
D501,P0276
D501,P0290
D501,P0291
D501,P0179
D501,P0278
D501,P0292
D501,P0275
D501,P0293
D501,P0279
D501,P0294
D501,P0341
D501,P0950
D501,P0685
D501,P0686
D501,P0687
D501,P0688
D501,P0689
D501,P0690
D501,P0951
D501,P0691
D501,P0692
D501,P0693
D501,P0694
D501,P0952
D501,P0309
D501,P0310
D501,P0695
D501,P0696
D501,P0697
D501,P0698
D501,P0953
D501,P0954
D501,P0955
D501,P0956
D501,P0957
D501,P0958
D501,P0409
D501,P0131
D501,P0699
D501,P0700
D501,P0701
D501,P0329
D501,P0330
D501,P0702
D501,P0703
D501,P0340
D501,P0345
D501,P0704
D501,P0628
D501,P0959
D501,P0705
D501,P0960
D501,P0706
D501,P0707
D501,P0708
D502,P0058
D503,P0237
D504,P0961
D505,P0252
D505,P0255
D505,P0709
D506,P0237
D506,P0270
D507,P0128
D507,P0710
D507,P0359
D507,P0129
D507,P0371
D508,P0497
D508,P0499
D508,P0711
D508,P0712
D508,P0713
D509,P0094
D510,P0714
D510,P0962
D510,P0715
D511,P0237
D512,P0176
D512,P0177
D512,P0270
D512,P0271
D513,P0290
D514,P0374
D514,P0326
D514,P0195
D514,P0047
D514,P0196
D514,P0051
D514,P0716
D514,P0351
D515,P0128
D515,P0129
D516,P0128
D516,P0245
D517,P0524
D517,P0963
D518,P0404
D519,P0130
D519,P0140
D519,P0428
D519,P0344
D519,P0143
D519,P0964
D520,P0143
D520,P0130
D520,P0140
D521,P0237
D521,P0965
D522,P0866
D522,P0025
D522,P0021
D522,P0118
D522,P0361
D522,P0519
D522,P0906
D522,P0907
D522,P0520
D522,P0287
D522,P0908
D522,P0521
D522,P0522
D522,P0341
D522,P0950
D522,P0685
D522,P0686
D522,P0687
D522,P0688
D522,P0689
D522,P0690
D522,P0951
D522,P0691
D522,P0692
D522,P0693
D522,P0694
D522,P0952
D522,P0309
D522,P0310
D522,P0695
D522,P0696
D522,P0697
D522,P0698
D522,P0953
D522,P0954
D522,P0955
D522,P0956
D522,P0957
D522,P0958
D522,P0409
D522,P0131
D522,P0699
D522,P0700
D522,P0701
D522,P0329
D522,P0330
D522,P0702
D522,P0703
D522,P0340
D522,P0345
D522,P0704
D522,P0628
D522,P0959
D522,P0705
D522,P0960
D522,P0706
D522,P0707
D522,P0708
D522,P0854
D522,P0966
D522,P0717
D522,P0718
D522,P0070
D522,P0071
D522,P0072
D522,P0073
D522,P0830
D522,P0831
D522,P0832
D522,P0074
D523,P0047
D523,P0194
D524,P0237
D524,P0130
D524,P0143
D524,P0140
D525,P0070
D525,P0118
D525,P0419
D525,P0071
D525,P0073
D525,P0831
D525,P0310
D525,P0078
D525,P0079
D525,P0080
D526,P0131
D526,P0329
D526,P0330
D526,P0149
D526,P0150
D526,P0151
D526,P0080
D526,P0070
D526,P0071
D526,P0072
D526,P0073
D526,P0830
D526,P0831
D526,P0832
D526,P0074
D526,P0306
D526,P0307
D526,P0085
D526,P0092
D526,P0719
D527,P0244
D527,P0639
D528,P0014
D529,P0244
D529,P0243
D530,P0720
D531,P0286
D532,P0233
D533,P0085
D533,P0153
D534,P0721
D534,P0722
D534,P0498
D534,P0967
D534,P0723
D534,P0724
D534,P0725
D534,P0968
D534,P0969
D534,P0499
D534,P0726
D534,P0727
D534,P0970
D534,P0971
D534,P0972
D534,P0973
D534,P0728
D534,P0974
D534,P0729
D534,P0975
D534,P0976
D534,P0977
D534,P0730
D534,P0731
D534,P0978
D534,P0732
D534,P0979
D535,P0149
D535,P0144
D535,P0980
D535,P0150
D535,P0639
D535,P0733
D535,P0734
D535,P0131
D535,P0588
D535,P0146
D535,P0145
D535,P0843
D535,P0148
D535,P0147
D535,P0735
D535,P0736
D535,P0718
D535,P0717
D536,P0856
D536,P0857
D537,P0237
D537,P0342
D537,P0143
D537,P0130
D537,P0265
D537,P0274
D537,P0173
D537,P0177
D537,P0270
D537,P0176
D537,P0271
D537,P0861
D537,P0144
D537,P0145
D537,P0146
D537,P0240
D537,P0268
D537,P0343
D537,P0131
D538,P0922
D539,P0246
D539,P0247
D539,P0248
D539,P0561
D539,P0298
D540,P0237
D540,P0140
D541,P0177
D541,P0270
D542,P0143
D542,P0265
D542,P0150
D542,P0130
D542,P0149
D542,P0237
D542,P0376
D542,P0144
D542,P0145
D542,P0146
D542,P0177
D542,P0270
D542,P0176
D542,P0271
D542,P0861
D542,P0240
D542,P0173
D542,P0152
D542,P0147
D542,P0148
D542,P0843
D543,P0140
D543,P0143
D543,P0355
D543,P0272
D544,P0455
D545,P0290
D545,P0140
D546,P0144
D546,P0145
D546,P0146
D546,P0131
D546,P0329
D546,P0330
D546,P0737
D547,P0856
D547,P0857
D547,P0241
D548,P0942
D548,P0738
D549,P0261
D549,P0739
D549,P0229
D549,P0618
D549,P0481
D549,P0614
D549,P0740
D549,P0741
D549,P0742
D549,P0743
D550,P0143
D551,P0184
D551,P0180
D551,P0185
D551,P0849
D551,P0237
D551,P0143
D551,P0290
D552,P0155
D552,P0249
D552,P0020
D552,P0250
D552,P0251
D552,P0180
D552,P0181
D552,P0182
D552,P0183
D552,P0184
D552,P0849
D552,P0185
D552,P0118
D553,P0130
D553,P0177
D553,P0237
D553,P0240
D553,P0265
D553,P0144
D553,P0145
D553,P0146
D553,P0173
D553,P0147
D553,P0148
D553,P0843
D553,P0152
D553,P0143
D553,P0140
D554,P0237
D554,P0744
D555,P0241
D556,P0118
D557,P0275
D557,P0131
D557,P0149
D557,P0150
D558,P0286
D558,P0280
D558,P0136
D558,P0745
D559,P0152
D559,P0267
D559,P0266
D559,P0240
D559,P0274
D559,P0265
D559,P0238
D559,P0147
D559,P0148
D559,P0843
D559,P0264
D559,P0263
D559,P0239
D559,P0173
D559,P0144
D559,P0145
D559,P0146
D560,P0382
D561,P0155
D561,P0156
D561,P0157
D561,P0158
D561,P0159
D561,P0160
D561,P0161
D561,P0162
D561,P0163
D561,P0164
D561,P0845
D561,P0846
D561,P0165
D561,P0166
D561,P0847
D561,P0167
D561,P0460
D561,P0452
D561,P0341
D561,P0746
D561,P0747
D561,P0748
D561,P0749
D561,P0750
D561,P0751
D561,P0752
D561,P0753
D561,P0754
D561,P0755
D562,P0172
D562,P0175
D563,P0149
D563,P0150
D564,P0247
D564,P0246
D564,P0248
D564,P0598
D564,P0298
D565,P0275
D565,P0292
D565,P0131
D565,P0756
D566,P0280
D566,P0282
D566,P0757
D566,P0981
D567,P0133
D567,P0758
D567,P0638
D567,P0759
D567,P0134
D568,P0152
D568,P0266
D568,P0238
D568,P0147
D568,P0240
D568,P0843
D568,P0148
D568,P0274
D568,P0267
D568,P0265
D568,P0239
D568,P0173
D568,P0264
D568,P0263
D568,P0144
D568,P0145
D568,P0146
D568,P0269
D569,P0760
D569,P0075
D570,P0149
D570,P0150
D571,P0241
D572,P0149
D572,P0150
D573,P0149
D573,P0150
D574,P0398
D574,P0372
D574,P0447
D575,P0362
D576,P0189
D577,P0849
D577,P0178
D577,P0152
D577,P0175
D577,P0143
D577,P0174
D577,P0172
D577,P0177
D577,P0270
D577,P0176
D577,P0271
D577,P0861
D577,P0265
D577,P0274
D577,P0173
D577,P0240
D577,P0239
D577,P0238
D577,P0860
D577,P0855
D577,P0272
D577,P0848
D577,P0017
D577,P0566
D578,P0136
D578,P0468
D579,P0199
D579,P0186
D579,P0218
D579,P0129
D580,P0265
D580,P0152
D580,P0240
D580,P0239
D580,P0238
D580,P0860
D580,P0173
D580,P0272
D580,P0268
D580,P0269
D580,P0263
D580,P0264
D580,P0266
D580,P0267
D580,P0237
D580,P0144
D580,P0145
D580,P0146
D580,P0147
D580,P0148
D580,P0843
D580,P0177
D580,P0270
D580,P0176
D580,P0271
D580,P0861
D581,P0395
D581,P0457
D582,P0275
D583,P0761
D583,P0656
D583,P0762
D583,P0757
D583,P0406
D583,P0118
D584,P0176
D584,P0177
D584,P0270
D585,P0961
D586,P0177
D586,P0152
D586,P0479
D586,P0272
D587,P0136
D587,P0763
D587,P0468
D587,P0021
D587,P0118
D588,P0263
D588,P0264
D588,P0152
D588,P0266
D588,P0267
D589,P0237
D590,P0240
D590,P0152
D590,P0265
D590,P0144
D590,P0145
D590,P0266
D590,P0238
D590,P0269
D590,P0147
D590,P0843
D590,P0237
D590,P0239
D590,P0173
D590,P0272
D590,P0268
D590,P0263
D590,P0267
D590,P0148
D590,P0860
D590,P0264
D590,P0274
D590,P0865
D590,P0149
D590,P0150
D590,P0342
D590,P0541
D590,P0343
D590,P0177
D590,P0270
D590,P0176
D590,P0271
D590,P0861
D590,P0174
D590,P0172
D590,P0175
D590,P0180
D590,P0181
D590,P0182
D590,P0183
D590,P0184
D590,P0849
D590,P0185
D590,P0140
D590,P0130
D591,P0223
D591,P0374
D591,P0764
D592,P0092
D592,P0765
D592,P0766
D592,P0767
D592,P0768
D593,P0130
D593,P0265
D593,P0274
D593,P0173
D593,P0143
D593,P0365
D594,P0076
D594,P0079
D594,P0068
D594,P0382
D594,P0703
D594,P0563
D594,P0419
D594,P0192
D594,P0191
D594,P0131
D595,P0237
D596,P0761
D596,P0656
D596,P0757
D596,P0762
D596,P0406
D596,P0118
D597,P0769
D597,P0770
D598,P0492
D598,P0771
D598,P0772
D598,P0773
D598,P0982
D598,P0391
D598,P0390
D598,P0774
D598,P0775
D598,P0776
D598,P0777
D598,P0778
D598,P0488
D598,P0779
D598,P0780
D598,P0781
D598,P0983
D598,P0984
D598,P0782
D598,P0783
D598,P0784
D598,P0645
D598,P0649
D599,P0142
D601,P0785
D601,P0312
D602,P0136
D603,P0710
D604,P0524
D604,P0525
D604,P0786
D605,P0265
D605,P0152
D605,P0237
D605,P0144
D605,P0145
D605,P0267
D605,P0238
D605,P0266
D605,P0173
D605,P0147
D605,P0148
D605,P0843
D605,P0240
D605,P0263
D605,P0269
D606,P0390
D606,P0394
D606,P0391
D606,P0387
D606,P0385
D606,P0389
D606,P0489
D606,P0490
D607,P0811
D607,P0549
D607,P0736
D608,P0084
D608,P0083
D609,P0150
D609,P0149
D610,P0638
D610,P0483
D610,P0568
D610,P0770
D610,P0985
D611,P0275
D612,P0986
D612,P0987
D612,P0988
D612,P0989
D612,P0990
D612,P0787
D612,P0788
D612,P0581
D613,P0155
D613,P0156
D613,P0157
D613,P0158
D613,P0159
D613,P0160
D613,P0249
D613,P0020
D613,P0250
D613,P0251
D614,P0789
D614,P0790
D614,P0791
D614,P0586
D615,P0149
D615,P0150
D615,P0240
D615,P0239
D616,P0143
D616,P0144
D616,P0149
D616,P0150
D617,P0153
D617,P0656
D619,P0364
D620,P0328
D620,P0383
D620,P0286
D620,P0136
D621,P0083
D621,P0084
D622,P0014
D623,P0152
D623,P0263
D623,P0264
D623,P0266
D623,P0267
D623,P0265
D623,P0173
D623,P0237
D623,P0177
D623,P0270
D623,P0176
D623,P0271
D623,P0861
D623,P0144
D623,P0145
D623,P0146
D623,P0147
D623,P0148
D623,P0843
D624,P0280
D624,P0286
D624,P0328
D624,P0001
D624,P0904
D624,P0792
D625,P0136
D626,P0199
D626,P0483
D626,P0200
D626,P0195
D626,P0047
D626,P0196
D626,P0051
D627,P0793
D627,P0161
D629,P0139
D629,P0143
D629,P0140
D629,P0142
D629,P0145
D629,P0144
D629,P0146
D629,P0147
D629,P0148
D629,P0843
D630,P0140
D630,P0130
D630,P0143
D630,P0139
D630,P0221
D630,P0142
D630,P0147
D630,P0148
D630,P0843
D630,P0154
D630,P0153
D631,P0144
D631,P0143
D631,P0145
D632,P0357
D633,P0526
D633,P0484
D633,P0487
D634,P0237
D634,P0371
D634,P0343
D635,P0152
D635,P0263
D635,P0265
D636,P0083
D637,P0794
D637,P0742
D637,P0129
D637,P0795
D637,P0796
D637,P0991
D639,P0139
D639,P0152
D640,P0149
D640,P0150
D640,P0151
D641,P0992
D641,P0797
D642,P0492
D642,P0391
D643,P0266
D643,P0267
D643,P0264
D643,P0152
D643,P0263
D643,P0240
D643,P0148
D644,P0623
D644,P0798
D645,P0501
D645,P0294
D646,P0454
D646,P0453
D647,P0357
D648,P0286
D650,P0237
D651,P0237
D652,P0237
D652,P0270
D653,P0237
D655,P0286
D656,P0583
D658,P0799
D659,P0394
D659,P0387
D659,P0385
D659,P0391
D659,P0490
D659,P0390
D659,P0392
D659,P0652
D659,P0800
D659,P0801
D659,P0338
D659,P0772
D659,P0386
D659,P0388
D659,P0642
D659,P0984
D659,P0492
D659,P0393
D660,P0492
D660,P0488
D660,P0391
D660,P0393
D660,P0800
D660,P0389
D660,P0392
D660,P0652
D660,P0802
D660,P0803
D660,P0773
D660,P0771
D660,P0783
D660,P0387
D660,P0490
D661,P0136
D661,P0328
D661,P0383
D662,P0804
